51,"PUGH, J.L"
51,"MORGAN, J"
51,"BERRY, J."
51,"JONES, J."
51,"HEARST, G"
51,"STANFORD,"
51,"TELLER, H"
51,"WOLCOTT,"
51,"PLATT, O."
51,"HAWLEY, J"
51,"HIGGINS,"
51,"GRAY, G."
51,"CALL, W."
51,"PASCO, S."
51,"COLQUITT,"
51,"BROWN, J."
51,"MCCONNELL"
51,"SHOUP, G."
51,"CULLOM, S"
51,"FARWELL,"
51,"TURPIE, D"
51,"VOORHEES,"
51,"WILSON, J"
51,"ALLISON,"
51,"PLUMB, P."
51,"INGALLS,"
51,"BLACKBURN"
51,"BECK, J.B"
51,"CARLISLE,"
51,"GIBSON, R"
51,"EUSTIS, J"
51,"HALE, E."
51,"FRYE, W.P"
51,"WILSON, E"
51,"GORMAN, A"
51,"DAWES, H."
51,"HOAR, G.F"
51,"STOCKBRID"
51,"MCMILLAN"
51,"WASHBURN,"
51,"DAVIS, C."
51,"GEORGE, J"
51,"WALTHALL,"
51,"VEST, G.G"
51,"COCKRELL,"
51,"SANDERS,"
51,"POWER, T."
51,"PADDOCK,"
51,"MANDERSON"
51,"JONES, J."
51,"STEWART,"
51,"BLAIR, H."
51,"MARSTON,"
51,"CHANDLER,"
51,"MCPHERSON"
51,"BLODGETT,"
51,"HISCOCK,"
51,"EVARTS, W"
51,"RANSOM, M"
51,"VANCE, Z."
51,"PIERCE, G"
51,"CASEY, L."
51,"PAYNE, H."
51,"SHERMAN,"
51,"DOLPH, J."
51,"MITCHELL,"
51,"CAMERON,"
51,"QUAY, M.S"
51,"ALDRICH,"
51,"CHACE, J."
51,"DIXON, N."
51,"HAMPTON,"
51,"BUTLER, M"
51,"MOODY, G."
51,"PETTIGREW"
51,"HARRIS, I"
51,"BATE, W.B"
51,"REAGAN, J"
51,"COKE, R."
51,"MORRILL,"
51,"EDMUNDS,"
51,"DANIEL, J"
51,"BARBOUR,"
51,"ALLEN, J."
51,"SQUIRE, W"
51,"FAULKNER,"
51,"KENNA, J."
51,"SPOONER,"
51,"SAWYER, P"
51,"WARREN, F"
51,"CAREY, J."
52,"PUGH"
52,"MORGAN"
52,"BERRY"
52,"JONES, J."
52,"STANFORD"
52,"FELTON"
52,"WOLCOTT"
52,"TELLER"
52,"HAWLEY"
52,"PLATT"
52,"HIGGINS"
52,"GRAY"
52,"CALL"
52,"PASCO"
52,"GORDON"
52,"COLQUITT"
52,"SHOUP"
52,"DUBOIS"
52,"CULLOM"
52,"PALMER"
52,"VOORHEES"
52,"TURPIE"
52,"ALLISON"
52,"WILSON"
52,"PEFFER"
52,"PLUMB"
52,"PERKINS"
52,"BLACKBURN"
52,"CARLISLE"
52,"LINDSAY"
52,"WHITE"
52,"GIBSON"
52,"CAFFERY"
52,"HALE"
52,"FRYE"
52,"GORMAN"
52,"GIBSON"
52,"HOAR"
52,"DAWES"
52,"MCMILLAN"
52,"STOCKBRID"
52,"WASHBURN"
52,"DAVIS"
52,"GEORGE"
52,"WALTHALL"
52,"COCKRELL"
52,"VEST"
52,"POWER"
52,"SANDERS"
52,"PADDOCK"
52,"MANDERSON"
52,"JONES, J."
52,"STEWART"
52,"GALLINGER"
52,"CHANDLER"
52,"BLODGETT"
52,"MCPHERSON"
52,"HISCOCK"
52,"HILL"
52,"RANSOM"
52,"VANCE"
52,"CASEY"
52,"HANSBROUG"
52,"BRICE"
52,"SHERMAN"
52,"MITCHELL"
52,"DOLPH"
52,"QUAY"
52,"CAMERON"
52,"ALDRICH"
52,"DIXON"
52,"BUTLER"
52,"IRBY"
52,"PETTIGREW"
52,"KYLE"
52,"BATE"
52,"HARRIS"
52,"COKE"
52,"REAGAN"
52,"MILLS"
52,"CHILTON"
52,"MORRILL"
52,"EDMUNDS"
52,"PROCTOR"
52,"DANIEL"
52,"HUNTON"
52,"BARBOUR"
52,"ALLEN"
52,"SQUIRE"
52,"FAULKNER"
52,"KENNA"
52,"CAMDEN"
52,"VILAS"
52,"SAWYER"
52,"WARREN"
52,"CAREY"
53,"PUGH, J.L"
53,"MORGAN, J"
53,"JONES, J."
53,"BERRY, J."
53,"WHITE, S."
53,"STANFORD"
53,"PERKINS,"
53,"WOLCOTT,"
53,"TELLER, H"
53,"PLATT, O."
53,"HAWLEY, J"
53,"HIGGINS,"
53,"GRAY, G."
53,"CALL, W."
53,"PASCO, S."
53,"GORDON, J"
53,"COLQUITT"
53,"WALSH, P."
53,"SHOUP, G."
53,"DUBOIS, F"
53,"PALMER, J"
53,"CULLOM, S"
53,"TURPIE, D"
53,"VOORHEES"
53,"ALLISON,"
53,"WILSON, J"
53,"PEFFER, W"
53,"MARTIN, J"
53,"LINDSAY,"
53,"BLACKBURN"
53,"CAFFERY,"
53,"WHITE, E."
53,"BLANCHARD"
53,"HALE, E."
53,"FRYE, W.P"
53,"GORMAN, A"
53,"GIBSON, C"
53,"LODGE, H."
53,"HOAR, G.F"
53,"MCMILLAN"
53,"STOCKBRID"
53,"PATTON, J"
53,"BURROWS,"
53,"DAVIS, C."
53,"WASHBURN"
53,"GEORGE, J"
53,"WALTHALL"
53,"MCLAURIN"
53,"VEST, G.G"
53,"COCKRELL"
53,"POWER, T."
53,"MANTLE, L"
53,"ALLEN, W."
53,"MANDERSON"
53,"STEWART,"
53,"JONES, J."
53,"CHANDLER"
53,"GALLINGER"
53,"MCPHERSON"
53,"SMITH, J."
53,"MURPHY, E"
53,"HILL, D.B"
53,"RANSOM, M"
53,"VANCE, Z."
53,"JARVIS, T"
53,"PRITCHARD"
53,"ROACH, W."
53,"HANSBROUG"
53,"SHERMAN,"
53,"BRICE, C."
53,"DOLPH, J."
53,"MITCHELL"
53,"CAMERON,"
53,"QUAY, M.S"
53,"DIXON, N."
53,"ALDRICH,"
53,"BUTLER, M"
53,"IRBY, J.L"
53,"PETTIGREW"
53,"KYLE, J.H"
53,"HARRIS, I"
53,"BATE, W.B"
53,"MILLS, R."
53,"COKE, R."
53,"MORRILL,"
53,"PROCTOR,"
53,"HUNTON, E"
53,"DANIEL, J"
53,"SQUIRE, W"
53,"WILSON, J"
53,"CAMDEN, J"
53,"FAULKNER"
53,"VILAS, W."
53,"MITCHELL"
53,"CLARK, C."
53,"CAREY, J."
54,"PUGH"
54,"MORGAN"
54,"JONES,J.K"
54,"BERRY"
54,"WHITE"
54,"PERKINS"
54,"WOLCOTT"
54,"TELLER"
54,"HAWLEY"
54,"PLATT"
54,"KENNEY"
54,"GRAY"
54,"PASCO"
54,"CALL"
54,"GORDON"
54,"BACON"
54,"SHOUP"
54,"DUBOIS"
54,"PALMER"
54,"CULLOM"
54,"VOORHEES"
54,"TURPIE"
54,"GEAR"
54,"ALLISON"
54,"PEFFER"
54,"BAKER"
54,"LINDSAY"
54,"BLACKBURN"
54,"CAFFERY"
54,"BLANCHARD"
54,"HALE"
54,"FRYE"
54,"GIBSON"
54,"GORMAN"
54,"LODGE"
54,"HOAR"
54,"BURROWS"
54,"MCMILLAN"
54,"NELSON"
54,"DAVIS"
54,"WALTHALL"
54,"GEORGE"
54,"COCKRELL"
54,"VEST"
54,"CARTER"
54,"MANTLE"
54,"THURSTON"
54,"ALLEN"
54,"STEWART"
54,"JONES,J.P"
54,"CHANDLER"
54,"GALLINGER"
54,"SEWELL"
54,"SMITH"
54,"MURPHY"
54,"HILL"
54,"BUTLER"
54,"PRITCHARD"
54,"HANSBROUG"
54,"ROACH"
54,"SHERMAN"
54,"BRICE"
54,"MITCHELL,"
54,"MCBRIDE"
54,"QUAY"
54,"CAMERON"
54,"WETMORE"
54,"ALDRICH"
54,"IRBY"
54,"TILLMAN"
54,"PETTIGREW"
54,"KYLE"
54,"BATE"
54,"HARRIS"
54,"CHILTON"
54,"MILLS"
54,"BROWN"
54,"CANNON"
54,"PROCTOR"
54,"MORRILL"
54,"MARTIN"
54,"DANIEL"
54,"SQUIRE"
54,"WILSON"
54,"FAULKNER"
54,"ELKINS"
54,"MITCHELL,"
54,"VILAS"
54,"WARREN"
54,"CLARK"
55,"PETTUS, E"
55,"MORGAN, J"
55,"JONES, J."
55,"BERRY, J."
55,"WHITE, S."
55,"PERKINS,"
55,"WOLCOTT,"
55,"TELLER, H"
55,"PLATT, O."
55,"HAWLEY, J"
55,"GRAY, G."
55,"KENNEY, R"
55,"MALLORY,"
55,"PASCO, S."
55,"CLAY, A.S"
55,"BACON, A."
55,"SHOUP, G."
55,"HEITFELD"
55,"CULLOM, S"
55,"MASON, W."
55,"TURPIE, D"
55,"FAIRBANKS"
55,"ALLISON,"
55,"GEAR, J.H"
55,"HARRIS, W"
55,"BAKER, L."
55,"DEBOE, W."
55,"LINDSAY,"
55,"MCENERY,"
55,"CAFFERY,"
55,"FRYE, W.P"
55,"HALE, E."
55,"WELLINGTO"
55,"GORMAN, A"
55,"LODGE, H."
55,"HOAR, G.F"
55,"MCMILLAN"
55,"BURROWS,"
55,"DAVIS, C."
55,"NELSON, K"
55,"GEORGE, J"
55,"WALTHALL"
55,"MONEY, H."
55,"SULLIVAN"
55,"VEST, G.G"
55,"COCKRELL"
55,"CARTER, T"
55,"MANTLE, L"
55,"ALLEN, W."
55,"THURSTON"
55,"JONES, J."
55,"STEWART,"
55,"CHANDLER"
55,"GALLINGER"
55,"SEWELL, W"
55,"SMITH, J."
55,"MURPHY, E"
55,"PLATT, T."
55,"PRITCHARD"
55,"BUTLER, M"
55,"ROACH, W."
55,"HANSBROUG"
55,"FORAKER,"
55,"SHERMAN,"
55,"HANNA, M."
55,"MCBRIDE,"
55,"SIMON, J."
55,"PENROSE,"
55,"QUAY, M.S"
55,"WETMORE,"
55,"ALDRICH,"
55,"TILLMAN,"
55,"EARLE, J."
55,"MCLAURIN"
55,"KYLE, J.H"
55,"PETTIGREW"
55,"BATE, W.B"
55,"HARRIS, I"
55,"TURLEY, T"
55,"CHILTON,"
55,"MILLS, R."
55,"RAWLINS,"
55,"CANNON, F"
55,"PROCTOR,"
55,"MORRILL,"
55,"ROSS, J."
55,"DANIEL, J"
55,"MARTIN, T"
55,"WILSON, J"
55,"TURNER, G"
55,"ELKINS, S"
55,"FAULKNER"
55,"MITCHELL"
55,"SPOONER,"
55,"CLARK, C."
55,"WARREN, F"
56,"PETTUS"
56,"MORGAN"
56,"JONES, J."
56,"BERRY"
56,"PERKINS"
56,"BARD"
56,"WOLCOTT"
56,"TELLER"
56,"HAWLEY"
56,"PLATT, O."
56,"KENNEY"
56,"MALLORY"
56,"PASCO"
56,"TALIAFERO"
56,"BACON"
56,"CLAY"
56,"HEITFELD"
56,"SHOUP"
56,"MASON"
56,"CULLOM"
56,"BEVERIDGE"
56,"FAIRBANKS"
56,"ALLISON"
56,"GEAR"
56,"DOLLIVER"
56,"HARRIS"
56,"BAKER"
56,"LINDSAY"
56,"DEBOE"
56,"MCENERY"
56,"CAFFERY"
56,"FRYE"
56,"HALE"
56,"WELLINGTO"
56,"MCCOMAS"
56,"HOAR"
56,"LODGE"
56,"MCMILLAN"
56,"BURROWS"
56,"NELSON"
56,"DAVIS"
56,"TOWNE"
56,"CLAPP"
56,"SULLIVAN"
56,"MONEY"
56,"COCKRELL"
56,"VEST"
56,"CARTER"
56,"CLARK, W."
56,"THURSTON"
56,"HAYWARD"
56,"ALLEN"
56,"STEWART"
56,"JONES, J."
56,"GALLINGER"
56,"CHANDLER"
56,"KEAN"
56,"SEWELL"
56,"PLATT, T."
56,"DEPEW"
56,"BUTLER"
56,"PRITCHARD"
56,"HANSBROUG"
56,"MCCUMBER"
56,"FORAKER"
56,"HANNA"
56,"SIMON"
56,"MCBRIDE"
56,"PENROSE"
56,"QUAY"
56,"WETMORE"
56,"ALDRICH"
56,"TILLMANN"
56,"MCLAURIN"
56,"KYLE"
56,"PETTIGREW"
56,"TURLEY"
56,"BATE"
56,"CHILTON"
56,"CULBERSON"
56,"RAWLINS"
56,"KEARNS"
56,"PROCTOR"
56,"ROSS"
56,"DILLINGHA"
56,"DANIEL"
56,"MARTIN"
56,"TURNER"
56,"FOSTER"
56,"SCOTT"
56,"ELKINS"
56,"SPOONER"
56,"QUARLES"
56,"CLARK, C."
56,"WARREN"
57,"MORGAN, J"
57,"PETTUS, E"
57,"JONES, J."
57,"BERRY, J."
57,"PERKINS,"
57,"BARD, T.R"
57,"PATTERSON"
57,"TELLER, H"
57,"HAWLEY, J"
57,"PLATT, O."
57,"BALL, L.H"
57,"ALLEE, J."
57,"MALLORY,"
57,"TALIAFERR"
57,"BACON, A."
57,"CLAY, A.S"
57,"DUBOIS, F"
57,"HEITFELD,"
57,"CULLOM, S"
57,"MASON, W."
57,"FAIRBANKS"
57,"BEVERIDGE"
57,"ALLISON,"
57,"DOLLIVER"
57,"BURTON, J"
57,"HARRIS, W"
57,"BLACKBURN"
57,"DEBOE, W."
57,"FOSTER, M"
57,"MCENERY,"
57,"HALE, E."
57,"FRYE, W.P"
57,"MCCOMAS,"
57,"WELLINGTO"
57,"HOAR, G.I"
57,"LODGE, H."
57,"BURROWS,"
57,"MCMILLAN"
57,"ALGER, R."
57,"CLAPP, M."
57,"NELSON, K"
57,"MCLAURIN"
57,"MONEY, H."
57,"VEST, G.G"
57,"COCKRELL"
57,"CLARK, W."
57,"GIBSON, P"
57,"MILLARD,"
57,"ALLEN, W."
57,"DIETRICH"
57,"STEWART,"
57,"JONES, J."
57,"BURNHAM,"
57,"GALLINGER"
57,"KEAN, J."
57,"SEWELL, W"
57,"DRYDON, J"
57,"DEPEW, C."
57,"PLATT, T."
57,"SIMMONS,"
57,"PRITCHARD"
57,"MCCUMBER,"
57,"HANSBROUG"
57,"FORAKER,"
57,"HANNA, M."
57,"MITCHELL,"
57,"SIMON, J."
57,"PENROSE,"
57,"QUAY, M.S"
57,"WETMORE,"
57,"ALDRICH,"
57,"TILLMAN,"
57,"MCLAURIN,"
57,"GAMBLE, R"
57,"KYLE, J.H"
57,"KITTREDGE"
57,"BATE, W.B"
57,"CARMACK,"
57,"BAILEY, J"
57,"CULBERSON"
57,"RAWLINS,"
57,"KEARNS, T"
57,"PROCTOR,"
57,"DILLINGHA"
57,"DANIEL, J"
57,"MARTIN, T"
57,"FOSTER, A"
57,"TURNER, G"
57,"SCOTT, N."
57,"ELKINS, S"
57,"SPOONER,"
57,"QUARLES,"
57,"CLARK, C."
57,"WARREN, F"
58,"MORGAN, J"
58,"PETTUS, E"
58,"BERRY, J."
58,"CLARKE, J"
58,"BARD, T.R"
58,"PERKINS,"
58,"PATTERSON"
58,"TELLER, H"
58,"PLATT, O."
58,"HAWLEY, J"
58,"BALL, L.H"
58,"ALLEE, J."
58,"MALLORY,"
58,"TALIAFERR"
58,"CLAY, A.S"
58,"BACON, A."
58,"HEYBURN,"
58,"DUBOIS, F"
58,"HOPKINS,"
58,"CULLOM, S"
58,"FAIRBANKS"
58,"BEVERIDGE"
58,"DOLLIVER"
58,"ALLISON,"
58,"LONG, C.I"
58,"BURTON, J"
58,"BLACKBURN"
58,"MCCREARY"
58,"MCENERY,"
58,"FOSTER, M"
58,"HALE, E."
58,"FRYE, W.P"
58,"MCCOMAS,"
58,"GORMAN, A"
58,"LODGE, H."
58,"HOAR, G.F"
58,"CRANE, W."
58,"BURROWS,"
58,"ALGER, R."
58,"NELSON, K"
58,"CLAPP, M."
58,"MONEY, H."
58,"MCLAURIN"
58,"STONE, W."
58,"COCKRELL"
58,"GIBSON, P"
58,"CLARK, W."
58,"DIETRICH"
58,"MILLARD,"
58,"NEWLANDS"
58,"STEWART,"
58,"BURNHAM,"
58,"GALLINGER"
58,"KEAN, J."
58,"DRYDEN, J"
58,"DEPEW, C."
58,"PLATT, T."
58,"OVERMAN,"
58,"SIMMONS,"
58,"HANSBROUG"
58,"MCCUMBER"
58,"FORAKER,"
58,"HANNA, M."
58,"DICK, C.W"
58,"MITCHELL"
58,"FULTON, C"
58,"PENROSE,"
58,"QUAY, M.S"
58,"KNOX, P.C"
58,"ALDRICH,"
58,"WETMORE,"
58,"LATIMER,"
58,"TILLMAN,"
58,"GAMBLE, R"
58,"KITTREDGE"
58,"BATE, W.B"
58,"CARMACK,"
58,"BAILEY, J"
58,"CULBERSON"
58,"KEARNS, T"
58,"SMOOT, R."
58,"DILLINGHA"
58,"PROCTOR,"
58,"MARTIN, T"
58,"DANIEL, J"
58,"ANKENY, L"
58,"FOSTER, A"
58,"SCOTT, N."
58,"ELKINS, S"
58,"SPOONER,"
58,"AUARLES,"
58,"CLARK, C."
58,"WARREN, F"
59,"MORGAN"
59,"PETTUS"
59,"BERRY"
59,"CLARKE"
59,"FLINT"
59,"PERKINS"
59,"TELLER"
59,"PATTERSON"
59,"BULKELEY"
59,"PLATT"
59,"BRANDEGEE"
59,"DUPONT"
59,"ALLEE"
59,"MALLORY"
59,"TALIAFERR"
59,"CLAY"
59,"BACON"
59,"DUBOIS"
59,"HEYBURN"
59,"HOPKINS"
59,"CULLOM"
59,"HEMENWAY"
59,"BEVERIDGE"
59,"DOLLIVER"
59,"ALLISON"
59,"LONG"
59,"BURTON"
59,"BENSON"
59,"CURTIS"
59,"MCCREARY"
59,"BLACKBURN"
59,"FOSTER"
59,"MCENERY"
59,"FRYE"
59,"HALE"
59,"RAYNER"
59,"GORMAN"
59,"WHYTE"
59,"CRANE"
59,"LODGE"
59,"BURROWS"
59,"ALGER"
59,"SMITH"
59,"NELSON"
59,"CLAPP"
59,"MCLAURIN"
59,"MONEY"
59,"WARNER"
59,"STONE"
59,"CLARK"
59,"CARTER"
59,"BURKETT"
59,"MILLARD"
59,"NEWLANDS"
59,"NIXON"
59,"BURNHAM"
59,"GALLINGER"
59,"KEAN"
59,"DRYDEN"
59,"PLATT"
59,"DEPEW"
59,"OVERMAN"
59,"SIMMONS"
59,"HANSBROUG"
59,"MCCUMBER"
59,"FORAKER"
59,"DICK"
59,"FULTON"
59,"MITCHELL"
59,"MULKEY"
59,"GEARIN"
59,"PENROSE"
59,"KNOX"
59,"WETMORE"
59,"ALDRICH"
59,"TILLMAN"
59,"LATIMER"
59,"KITTREDGE"
59,"GAMBLE"
59,"CARMACK"
59,"BATE"
59,"FRAZIER"
59,"BAILEY"
59,"CULBERSON"
59,"SUTHERLAN"
59,"SMOOT"
59,"PROCTOR"
59,"DILLINGHA"
59,"MARTIN"
59,"DANIEL"
59,"PILES"
59,"ANKENY"
59,"ELKINS"
59,"SCOTT"
59,"LAFOLLETT"
59,"SPOONER"
59,"CLARK"
59,"WARREN"
60,"PETTUS, E"
60,"MORGAN, J"
60,"BANKHEAD"
60,"JOHNSTON"
60,"CLARKE, J"
60,"DAVIS, J."
60,"FLINT, F."
60,"PERKINS,"
60,"TELLER, H"
60,"GUGGENHEI"
60,"BRANDEGEE"
60,"BULKELEY"
60,"RICHARDSO"
60,"DUPONT, H"
60,"TALIAFERR"
60,"MALLORY,"
60,"BRYAN, W."
60,"MILTON, W"
60,"BACON, A."
60,"CLAY, A.S"
60,"BORAH, W."
60,"HEYBURN,"
60,"HOPKINS,"
60,"CULLOM, S"
60,"HEMENWAY"
60,"BEVERIDGE"
60,"DOLLIVER"
60,"ALLISON,"
60,"CUMMINS,"
60,"LONG, C.I"
60,"CURTIS, C"
60,"MCCREARY"
60,"PAYNTER,"
60,"MCENERY,"
60,"FOSTER, M"
60,"FRYE, W.P"
60,"HALE, E."
60,"RAYNER, I"
60,"WHYTE, W."
60,"SMITH, J."
60,"CRANE, W."
60,"LODGE, H."
60,"BURROWS,"
60,"SMITH, W."
60,"CLAPP, M."
60,"NELSON, K"
60,"MONEY, H."
60,"MCLAURIN"
60,"WARNER, W"
60,"STONE, W."
60,"DIXON, J."
60,"CARTER, T"
60,"BROWN, N."
60,"BURKETT,"
60,"NIXON, G."
60,"NEWLANDS"
60,"GALLINGER"
60,"BURNHAM,"
60,"KEAN, J."
60,"BRIGGS, F"
60,"PLATT, T."
60,"DEPEW, C."
60,"SIMMONS,"
60,"OVERMAN,"
60,"HANSBROUG"
60,"MCCUMBER"
60,"DICK, C.W"
60,"FORAKER,"
60,"GORE, T.P"
60,"OWEN, R.L"
60,"BOURNE, J"
60,"FULTON, C"
60,"PENROSE,"
60,"KNOX, P.C"
60,"ALDRICH,"
60,"WETMORE,"
60,"TILLMAN,"
60,"LATIMER,"
60,"GARY, F.B"
60,"KITTREDGE"
60,"GAMBLE, R"
60,"TAYLOR, R"
60,"FRAZIER,"
60,"CULBERSON"
60,"BAILEY, J"
60,"SUTHERLAN"
60,"SMOOT, R."
60,"DILLINGHA"
60,"PROCTOR,"
60,"STEWART,"
60,"PAGE, C.S"
60,"DANIEL, J"
60,"MARTIN, T"
60,"PILES, S."
60,"ANKENY, L"
60,"ELKINS, S"
60,"SCOTT, N."
60,"LAFOLLETT"
60,"SPOONER,"
60,"STEPHENSO"
60,"CLARK, C."
60,"WARREN, F"
61,"JOHNSTON"
61,"BANKHEAD"
61,"CLARKE, J"
61,"DAVIS, J."
61,"FLINT, F."
61,"PERKINS,"
61,"HUGHES, C"
61,"GUGGENHEI"
61,"BRANDEGEE"
61,"BULKELEY"
61,"DUPONT, H"
61,"RICHARDSO"
61,"FLETCHER"
61,"TALIAFERR"
61,"BACON, A."
61,"CLAY, A.S"
61,"TERRELL,"
61,"BORAH, W."
61,"HEYBURN,"
61,"CULLOM, S"
61,"LORIMER,"
61,"SHIVELY,"
61,"BEVERIDGE"
61,"CUMMINS,"
61,"DOLLIVER"
61,"YOUNG, L."
61,"CURTIS, C"
61,"BRISTOW,"
61,"BRADLEY,"
61,"PAYNTER,"
61,"FOSTER, M"
61,"MCENERY,"
61,"THORNTON"
61,"HALE, E."
61,"FRYE, W.P"
61,"SMITH, J."
61,"RAYNER, I"
61,"LODGE, H."
61,"CRANE, W."
61,"SMITH, W."
61,"BURROWS,"
61,"CLAPP, M."
61,"NELSON, K"
61,"MONEY, H."
61,"MCLAURIN"
61,"GORDON, J"
61,"PERCY, L."
61,"WARNER, W"
61,"STONE, W."
61,"CARTER, T"
61,"DIXON, J."
61,"BURKETT,"
61,"BROWN, N."
61,"NEWLANDS"
61,"NIXON, G."
61,"GALLINGER"
61,"BURNHAM,"
61,"BRIGGS, F"
61,"KEAN, J."
61,"ROOT, E."
61,"DEPEW, C."
61,"OVERMAN,"
61,"SIMMONS,"
61,"MCCUMBER"
61,"JOHNSON,"
61,"THOMPSON"
61,"PURCELL,"
61,"GRONNA, A"
61,"DICK, C.W"
61,"BURTON, T"
61,"GORE, T.P"
61,"OWEN, R.L"
61,"CHAMBERLA"
61,"BOURNE, J"
61,"OLIVER, G"
61,"PENROSE,"
61,"WETMORE,"
61,"ALDRICH,"
61,"TILLMAN,"
61,"SMITH, E."
61,"CRAWFORD"
61,"GAMBLE, R"
61,"FRAZIER,"
61,"TAYLOR, R"
61,"BAILEY, J"
61,"CULBERSON"
61,"SUTHERLAN"
61,"SMOOT, R."
61,"PAGE, C.S"
61,"DILLINGHA"
61,"MARTIN, T"
61,"DANIEL, J"
61,"SWANSON,"
61,"JONES, W."
61,"PILES, S."
61,"SCOTT, N."
61,"ELKINS, S"
61,"ELKINS, D"
61,"WATSON, C"
61,"LAFOLLETT"
61,"STEPHENSO"
61,"CLARK, C."
61,"WARREN, F"
62,"BANKHEAD"
62,"JOHNSTON"
62,"SMITH, M."
62,"ASHURST,"
62,"CLARKE, J"
62,"DAVIS, J."
62,"HEISKELL"
62,"KAVANAUGH"
62,"PERKINS,"
62,"WORKS, J."
62,"GUGGENHEI"
62,"THOMAS, C"
62,"BRANDEGEE"
62,"MCLEAN, G"
62,"RICHARDSO"
62,"DUPONT, H"
62,"BRYAN, N."
62,"FLETCHER"
62,"BACON, A."
62,"TERRELL,"
62,"SMITH, H."
62,"BORAH, W."
62,"HEYBURN,"
62,"PERKY, K."
62,"BRADY, J."
62,"CULLOM, S"
62,"LORIMER,"
62,"SHIVELY,"
62,"KERN, J.W"
62,"CUMMINS,"
62,"YOUNG, L."
62,"KENYON, W"
62,"BRISTOW,"
62,"CURTIS, C"
62,"PAYNTER,"
62,"BRADLEY,"
62,"FOSTER, M"
62,"THORNTON"
62,"JOHNSON,"
62,"FRYE, W.P"
62,"GARDNER,"
62,"SMITH, J."
62,"RAYNER, I"
62,"JACKSON,"
62,"CRANE, W."
62,"LODGE, H."
62,"SMITH, W."
62,"TOWNSEND"
62,"NELSON, K"
62,"CLAPP, M."
62,"PERCY, L."
62,"WILLIAMS"
62,"STONE, W."
62,"REED, J.A"
62,"MYERS, H."
62,"DIXON, J."
62,"BROWN, N."
62,"HITCHCOCK"
62,"NIXON, G."
62,"NEWLANDS"
62,"MASSEY, W"
62,"PITTMAN,"
62,"GALLINGER"
62,"BURNHAM,"
62,"BRIGGS, F"
62,"MARTINE,"
62,"CATRON, T"
62,"FALL, A.B"
62,"O'GORMAN"
62,"ROOT, E."
62,"OVERMAN,"
62,"SIMMONS,"
62,"GRONNA, A"
62,"MCCUMBER"
62,"BURTON, T"
62,"POMERENE"
62,"GORE, T.P"
62,"OWEN, R.L"
62,"BOURNE, J"
62,"CHAMBERLA"
62,"PENROSE,"
62,"OLIVER, G"
62,"WETMORE,"
62,"LIPPITT,"
62,"SMITH, E."
62,"TILLMAN,"
62,"CRAWFORD"
62,"GAMBLE, R"
62,"LEA, L."
62,"TAYLOR, R"
62,"SANDERS,"
62,"WEBB, W.R"
62,"CULBERSON"
62,"BAILEY, J"
62,"JOHNSTON"
62,"SHEPPARD"
62,"SMOOT, R."
62,"SUTHERLAN"
62,"PAGE, C.S"
62,"DILLINGHA"
62,"SWANSON,"
62,"MARTIN, T"
62,"JONES, W."
62,"POINDEXTE"
62,"CHILTON,"
62,"WATSON, C"
62,"STEPHENSO"
62,"LAFOLLETT"
62,"WARREN, F"
62,"CLARK, C."
63,"BANKHEAD"
63,"JOHNSTON"
63,"WHITE, E."
63,"ASHURST,"
63,"SMITH, M."
63,"ROBINSON"
63,"CLARKE, J"
63,"PERKINS,"
63,"WORKS, J."
63,"THOMAS, C"
63,"SHAFROTH"
63,"BRANDEGEE"
63,"MCLEAN, G"
63,"SAULSBURY"
63,"DUPONT, H"
63,"FLETCHER"
63,"BRYAN, N."
63,"SMITH, H."
63,"BACON, A."
63,"WEST, W.S"
63,"HARDWICK"
63,"BORAH, W."
63,"BRADY, J."
63,"LEWIS, J."
63,"SHERMAN,"
63,"KERN, J.W"
63,"SHIVELY,"
63,"CUMMINS,"
63,"KENYON, W"
63,"THOMPSON"
63,"BRISTOW,"
63,"JAMES, O."
63,"BRADLEY,"
63,"CAMDEN, J"
63,"THORNTON"
63,"RANSDELL"
63,"BURLEIGH"
63,"JOHNSON,"
63,"SMITH, J."
63,"JACKSON,"
63,"LEE, B."
63,"WEEKS, J."
63,"LODGE, H."
63,"TOWNSEND"
63,"SMITH, W."
63,"CLAPP, M."
63,"NELSON, K"
63,"WILLIAMS"
63,"VARDAMAN"
63,"STONE, W."
63,"REED, J.A"
63,"WALSH, T."
63,"MYERS, H."
63,"HITCHCOCK"
63,"NORRIS, G"
63,"NEWLANDS"
63,"PITTMAN,"
63,"HOLLIS, H"
63,"GALLINGER"
63,"HUGHES, W"
63,"MARTINE,"
63,"CATRON, T"
63,"FALL, A.B"
63,"ROOT, E."
63,"O'GORMAN"
63,"SIMMONS,"
63,"OVERMAN,"
63,"GRONNA, A"
63,"MCCUMBER"
63,"BURTON, T"
63,"POMERENE"
63,"OWEN, R.L"
63,"GORE, T.P"
63,"CHAMBERLA"
63,"LANE, H."
63,"PENROSE,"
63,"OLIVER, G"
63,"LIPPITT,"
63,"COLT, L.B"
63,"SMITH, E."
63,"TILLMAN,"
63,"CRAWFORD"
63,"STERLING"
63,"LEA, L."
63,"SHIELDS,"
63,"SHEPPARD"
63,"CULBERSON"
63,"SUTHERLAN"
63,"SMOOT, R."
63,"PAGE, C.S"
63,"DILLINGHA"
63,"MARTIN, T"
63,"SWANSON,"
63,"JONES, W."
63,"POINDEXTE"
63,"CHILTON,"
63,"GOFF, N."
63,"STEPHENSO"
63,"LAFOLLETT"
63,"WARREN, F"
63,"CLARK, C."
64,"UNDERWOOD"
64,"BANKHEAD"
64,"ASHURST,"
64,"SMITH, M."
64,"ROBINSON"
64,"CLARKE, J"
64,"KIRBY, W."
64,"WORKS, J."
64,"PHELAN, J"
64,"THOMAS, C"
64,"SHAFROTH"
64,"MCLEAN, G"
64,"BRANDEGEE"
64,"SAULSBURY"
64,"DUPONT, H"
64,"BRYAN, N."
64,"FLETCHER"
64,"HARDWICK"
64,"SMITH, H."
64,"BRADY, J."
64,"BORAH, W."
64,"SHERMAN,"
64,"LEWIS, J."
64,"KERN, J.W"
64,"SHIVELY,"
64,"TAGGART,"
64,"WATSON, J"
64,"KENYON, W"
64,"CUMMINS,"
64,"THOMPSON"
64,"CURTIS, C"
64,"JAMES, O."
64,"BECKHAM,"
64,"BROUSSARD"
64,"RANSDELL"
64,"JOHNSON,"
64,"BURLEIGH"
64,"FERNALD,"
64,"SMITH, J."
64,"LEE, B."
64,"LODGE, H."
64,"WEEKS, J."
64,"TOWNSEND"
64,"SMITH, W."
64,"NELSON, K"
64,"CLAPP, M."
64,"WILLIAMS"
64,"VARDAMAN"
64,"REED, J.A"
64,"STONE, W."
64,"MYERS, H."
64,"WALSH, T."
64,"HITCHCOCK"
64,"NORRIS, G"
64,"PITTMAN,"
64,"NEWLANDS,"
64,"HOLLIS, H"
64,"GALLINGER"
64,"HUGHES, W"
64,"MARTINE,"
64,"CATRON, T"
64,"FALL, A.B"
64,"O'GORMAN"
64,"WADSWORTH"
64,"SIMMONS,"
64,"OVERMAN,"
64,"GRONNA, A"
64,"MCCUMBER"
64,"POMERENE"
64,"HARDING,"
64,"GORE, T.P"
64,"OWEN, R.L"
64,"CHAMBERLA"
64,"LANE, H."
64,"OLIVER, G"
64,"PENROSE,"
64,"COLT, L.B"
64,"LIPPITT,"
64,"SMITH, E."
64,"TILLMAN,"
64,"JOHNSON,"
64,"STERLING"
64,"LEA, L."
64,"SHIELDS,"
64,"SHEPPARD"
64,"CULBERSON"
64,"SUTHERLAN"
64,"SMOOT, R."
64,"DILLINGHA"
64,"PAGE, C.S"
64,"SWANSON,"
64,"MARTIN, T"
64,"POINDEXTE"
64,"JONES, W."
64,"GOFF, N."
64,"CHILTON,"
64,"LAFOLLETT"
64,"HUSTING,"
64,"WARREN, F"
64,"CLARK, C."
65,"BANKHEAD"
65,"UNDERWOOD"
65,"ASHURST"
65,"SMITH, M."
65,"KIRBY"
65,"ROBINSON"
65,"JOHNSON,H"
65,"PHELAN"
65,"THOMAS, C"
65,"SHAFROTH"
65,"BRANDEGEE"
65,"MCLEAN"
65,"SAULSBURY"
65,"WOLCOTT"
65,"TRAMMELL"
65,"FLETCHER"
65,"HARDWICK"
65,"SMITH, H."
65,"BORAH"
65,"BRADY"
65,"NUGENT"
65,"SHERMAN"
65,"LEWIS"
65,"WATSON"
65,"NEW"
65,"KENYON"
65,"CUMMINS"
65,"THOMPSON"
65,"CURTIS"
65,"BECKHAM"
65,"JAMES"
65,"MARTIN, G"
65,"RANSDELL"
65,"BROUSSARD"
65,"GUION"
65,"GAY"
65,"HALE"
65,"FERNALD"
65,"SMITH, J."
65,"FRANCE"
65,"WEEKS"
65,"LODGE"
65,"SMITH, W."
65,"TOWNSEND"
65,"KELLOGG"
65,"NELSON"
65,"WILLIAMS"
65,"VARDAMAN"
65,"REED"
65,"STONE"
65,"WILFLEY"
65,"SPENCER"
65,"MYERS"
65,"WALSH"
65,"HITCHCOCK"
65,"NORRIS"
65,"PITTMAN"
65,"NEWLANDS"
65,"HENDERSON"
65,"HOLLIS"
65,"GALLINGER"
65,"DREW"
65,"MOSES"
65,"FRELINGHU"
65,"HUGHES"
65,"BAIRD"
65,"FALL"
65,"JONES, A."
65,"WADSWORTH"
65,"CALDER"
65,"SIMMONS"
65,"OVERMAN"
65,"GRONNA"
65,"MCCUMBER"
65,"POMERENE"
65,"HARDING"
65,"GORE"
65,"OWEN"
65,"CHAMBERLA"
65,"LANE"
65,"MULKEY"
65,"MCNARY"
65,"PENROSE"
65,"KNOX"
65,"GERRY"
65,"COLT"
65,"SMITH, E."
65,"TILLMAN"
65,"BENET"
65,"POLLOCK"
65,"JOHNSON,"
65,"STERLING"
65,"SHIELDS"
65,"MCKELLAR"
65,"CULBERSON"
65,"SHEPPARD"
65,"SMOOT"
65,"KING"
65,"DILLINGHA"
65,"PAGE"
65,"SWANSON"
65,"MARTIN, T"
65,"POINDEXTE"
65,"JONES, W."
65,"GOFF"
65,"SUTHERLAN"
65,"LAFOLLETT"
65,"HUSTING"
65,"LENROOT"
65,"KENDRICK"
65,"WARREN"
66,"UNDERWOOD"
66,"BANKHEAD,"
66,"COMER, B."
66,"HEFLIN, J"
66,"SMITH, M."
66,"ASHURST,H"
66,"ROBINSON,"
66,"KIRBY, W."
66,"PHELAN, J"
66,"JOHNSON,H"
66,"PHIPPS, L"
66,"THOMAS, C"
66,"MCLEAN, G"
66,"BRANDEGEE"
66,"WOLCOTT,J"
66,"BALL, L.H"
66,"TRAMMELL,"
66,"FLETCHER,"
66,"SMITH, H."
66,"HARRIS, W"
66,"BORAH, W."
66,"NUGENT, J"
66,"GOODING,F"
66,"SHERMAN,L"
66,"MCCORMICK"
66,"WATSON, J"
66,"NEW, H.S."
66,"CUMMINS,A"
66,"KENYON, W"
66,"CAPPER, A"
66,"CURTIS, C"
66,"BECKHAM,J"
66,"STANLEY,A"
66,"GAY, E.J."
66,"RANSDELL,"
66,"HALE, F."
66,"FERNALD,B"
66,"FRANCE, J"
66,"SMITH, J."
66,"LODGE, H."
66,"WALSH, D."
66,"TOWNSEND,"
66,"NEWBERRY,"
66,"NELSON, K"
66,"KELLOGG,F"
66,"HARRISON,"
66,"WILLIAMS,"
66,"REED, J.A"
66,"SPENCER,S"
66,"WALSH, T."
66,"MYERS, H."
66,"NORRIS, G"
66,"HITCHCOCK"
66,"PITTMAN,"
66,"HENDERSON"
66,"MOSES, G."
66,"KEYES, H."
66,"EDGE, W.E"
66,"FRELINGHU"
66,"JONES, A."
66,"FALL, A.B"
66,"WADSWORTH"
66,"CALDER, W"
66,"OVERMAN,L"
66,"SIMMONS,F"
66,"MCCUMBER,"
66,"GRONNA, A"
66,"POMERENE,"
66,"HARDING,W"
66,"WILLIS, F"
66,"OWEN, R.L"
66,"GORE, T.P"
66,"MCNARY, C"
66,"CHAMBERLA"
66,"KNOX, P.C"
66,"PENROSE,"
66,"COLT, L.B"
66,"GERRY, P."
66,"SMITH, E."
66,"DIAL, N.B"
66,"JOHNSON,E"
66,"STERLING,"
66,"SHIELDS,J"
66,"MCKELLAR,"
66,"CULBERSON"
66,"SHEPPARD,"
66,"KING, W.H"
66,"SMOOT, R."
66,"DILLINGHA"
66,"PAGE, C.S"
66,"SWANSON,C"
66,"MARTIN, T"
66,"GLASS, C."
66,"POINDEXTE"
66,"JONES, W."
66,"SUTHERLAN"
66,"ELKINS, D"
66,"LENROOT,"
66,"LAFOLLETT"
66,"WARREN, F"
66,"KENDRICK,"
67,"HEFLIN, J"
67,"UNDERWOOD"
67,"CAMERON,"
67,"ASHURST,"
67,"CARAWAY,"
67,"ROBINSON"
67,"SHORTRIDG"
67,"JOHNSON,"
67,"PHIPPS, L"
67,"NICHOLSON"
67,"BRANDEGEE"
67,"MCLEAN, G"
67,"BALL, L.H"
67,"WOLCOTT,"
67,"DUPONT, T"
67,"BAYARD, T"
67,"TRAMMELL"
67,"FLETCHER"
67,"HARRIS, W"
67,"WATSON, T"
67,"FELTON, R"
67,"GEORGE, W"
67,"BORAH, W."
67,"GOODING,"
67,"MCKINLEY"
67,"MCCORMICK"
67,"WATSON, J"
67,"NEW, H.S."
67,"CUMMINS,"
67,"KENYON, W"
67,"RAWSON, C"
67,"BROOKHART"
67,"CURTIS, C"
67,"CAPPER, A"
67,"STANLEY,"
67,"ERNST, R."
67,"RANSDELL"
67,"BROUSSARD"
67,"FERNALD,"
67,"HALE, F."
67,"FRANCE, J"
67,"WELLER, O"
67,"WALSH, D."
67,"LODGE, H."
67,"TOWNSEND"
67,"NEWBERRY"
67,"COUZENS,"
67,"NELSON, K"
67,"KELLOGG,"
67,"HARRISON"
67,"WILLIAMS"
67,"REED, J.A"
67,"SPENCER,"
67,"WALSH, T."
67,"MYERS, H."
67,"NORRIS, G"
67,"HITCHCOCK"
67,"PITTMAN,"
67,"ODDIE, T."
67,"MOSES, G."
67,"KEYES, H."
67,"FRELINGHU"
67,"EDGE, W.E"
67,"JONES, A."
67,"FALL, A.B"
67,"BURSUM, H"
67,"CALDER, W"
67,"WADSWORTH"
67,"SIMMONS,"
67,"OVERMAN,"
67,"MCCUMBER"
67,"LADD, E.F"
67,"POMERENE"
67,"WILLIS, F"
67,"HARRELD,"
67,"OWEN, R.L"
67,"STANFIELD"
67,"MCNARY, C"
67,"KNOX, P.C"
67,"PENROSE,"
67,"CROW, W.E"
67,"REED, D.A"
67,"PEPPER, G"
67,"COLT, L.B"
67,"GERRY, P."
67,"SMITH, E."
67,"DIAL, N.B"
67,"NORBECK,"
67,"STERLING"
67,"MCKELLAR"
67,"SHIELDS,"
67,"CULBERSON"
67,"SHEPPARD"
67,"SMOOT, R."
67,"KING, W.H"
67,"DILLINGHA"
67,"PAGE, C.S"
67,"GLASS, C."
67,"SWANSON,"
67,"POINDEXTE"
67,"JONES, W."
67,"ELKINS, D"
67,"SUTHERLAN"
67,"LAFOLLETT"
67,"LENROOT,"
67,"WARREN, F"
67,"KENDRICK"
68,"HEFLIN, J"
68,"UNDERWOOD"
68,"CAMERON,"
68,"ASHURST,"
68,"ROBINSON"
68,"CARAWAY,"
68,"SHORTRIDG"
68,"JOHNSON,"
68,"PHIPPS, L"
68,"NICHOLSON"
68,"ADAMS, A."
68,"MEANS, R."
68,"MCLEAN, G"
68,"BRANDEGEE"
68,"BINGHAM,"
68,"BALL, L.H"
68,"BAYARD, T"
68,"FLETCHER"
68,"TRAMMELL"
68,"GEORGE, W"
68,"HARRIS, W"
68,"GOODING,"
68,"BORAH, W."
68,"MCKINLEY"
68,"MCCORMICK"
68,"DENEEN, C"
68,"WATSON, J"
68,"RALSTON,"
68,"CUMMINS,"
68,"BROOKHART"
68,"CURTIS, C"
68,"CAPPER, A"
68,"ERNST, R."
68,"STANLEY,"
68,"RANSDELL"
68,"BROUSSARD"
68,"FERNALD,"
68,"HALE, F."
68,"BRUCE, W."
68,"WELLER, O"
68,"WALSH, D."
68,"LODGE, H."
68,"BUTLER, W"
68,"COUZENS,"
68,"FERRIS, W"
68,"SHIPSTEAD"
68,"NELSON, K"
68,"JOHNSON,"
68,"STEPHENS"
68,"HARRISON"
68,"REED, J.A"
68,"SPENCER,"
68,"WHEELER,"
68,"WALSH, T."
68,"HOWELL, R"
68,"NORRIS, G"
68,"ODDIE, T."
68,"PITTMAN,"
68,"MOSES, G."
68,"KEYES, H."
68,"EDGE, W.E"
68,"EDWARDS,"
68,"BURSUM, H"
68,"JONES, A."
68,"COPELAND"
68,"WADSWORTH"
68,"SIMMONS,"
68,"OVERMAN,"
68,"FRAZIER,"
68,"LADD, E.F"
68,"FESS, S.D"
68,"WILLIS, F"
68,"OWEN, R.L"
68,"HARRELD,"
68,"MCNARY, C"
68,"STANFIELD"
68,"REED, D.A"
68,"PEPPER, G"
68,"GERRY, P."
68,"COLT, L.B"
68,"METCALF,"
68,"DIAL, N.B"
68,"SMITH, E."
68,"NORBECK,"
68,"STERLING"
68,"MCKELLAR"
68,"SHIELDS,"
68,"SHEPPARD"
68,"MAYFIELD"
68,"KING, W.H"
68,"SMOOT, R."
68,"GREENE, F"
68,"DILLINGHA"
68,"DALE, P.H"
68,"SWANSON,"
68,"GLASS, C."
68,"DILL, C.C"
68,"JONES, W."
68,"NEELY, M."
68,"ELKINS, D"
68,"LENROOT,"
68,"LAFOLLETT"
68,"WARREN, F"
68,"KENDRICK"
69,"UNDERWOOD"
69,"HEFLIN, J"
69,"ASHURST,"
69,"CAMERON,"
69,"ROBINSON"
69,"CARAWAY,"
69,"JOHNSON,"
69,"SHORTRIDG"
69,"MEANS, R."
69,"PHIPPS, L"
69,"MCLEAN, G"
69,"BINGHAM,"
69,"BAYARD, T"
69,"DUPONT, T"
69,"TRAMMELL"
69,"FLETCHER"
69,"HARRIS, W"
69,"GEORGE, W"
69,"GOODING,"
69,"BORAH, W."
69,"MCKINLEY"
69,"DENEEN, C"
69,"WATSON, J"
69,"RALSTON,"
69,"ROBINSON"
69,"BROOKHART"
69,"CUMMINS,"
69,"STECK, D."
69,"STEWART,"
69,"CAPPER, A"
69,"CURTIS, C"
69,"SACKETT,"
69,"ERNST, R."
69,"RANSDELL"
69,"BROUSSARD"
69,"HALE, F."
69,"FERNALD,"
69,"GOULD, A."
69,"WELLER, O"
69,"BRUCE, W."
69,"GILLETT,"
69,"BUTLER, W"
69,"WALSH, D."
69,"FERRIS, W"
69,"COUZENS,"
69,"SCHALL, T"
69,"SHIPSTEAD"
69,"STEPHENS"
69,"HARRISON"
69,"REED, J.A"
69,"SPENCER,"
69,"WILLIAMS"
69,"HAWES, H."
69,"WHEELER,"
69,"WALSH, T."
69,"NORRIS, G"
69,"HOWELL, R"
69,"PITTMAN,"
69,"ODDIE, T."
69,"KEYES, H."
69,"MOSES, G."
69,"EDGE, W.E"
69,"EDWARDS,"
69,"BRATTON,"
69,"JONES, A."
69,"WADSWORTH"
69,"COPELAND"
69,"OVERMAN,"
69,"SIMMONS,"
69,"FRAZIER,"
69,"LADD, E.F"
69,"NYE, G.P."
69,"WILLIS, F"
69,"FESS, S.D"
69,"PINE, W.B"
69,"HARRELD,"
69,"STANFIELD"
69,"MCNARY, C"
69,"PEPPER, G"
69,"REED, D.A"
69,"METCALF,"
69,"GERRY, P."
69,"BLEASE, C"
69,"SMITH, E."
69,"MCMASTER"
69,"NORBECK,"
69,"TYSON, L."
69,"MCKELLAR"
69,"MAYFIELD"
69,"SHEPPARD"
69,"SMOOT, R."
69,"KING, W.H"
69,"GREENE, F"
69,"DALE, P.H"
69,"GLASS, C."
69,"SWANSON,"
69,"DILL, C.C"
69,"JONES, W."
69,"NEELY, M."
69,"GOFF, G.D"
69,"LENROOT,"
69,"LAFOLLETT"
69,"LAFOLLETT"
69,"WARREN, F"
69,"KENDRICK"
70,"BLACK, H."
70,"HEFLIN, J"
70,"ASHURST,"
70,"HAYDEN, C"
70,"ROBINSON"
70,"CARAWAY,"
70,"JOHNSON,"
70,"SHORTRIDG"
70,"PHIPPS, L"
70,"WATERMAN"
70,"MCLEAN, G"
70,"BINGHAM,"
70,"BAYARD, T"
70,"DUPONT, C"
70,"HASTINGS"
70,"TRAMMELL"
70,"FLETCHER"
70,"GEORGE, W"
70,"HARRIS, W"
70,"BORAH, W."
70,"GOODING,"
70,"THOMAS, J"
70,"DENEEN, C"
70,"GLENN, O."
70,"SMITH, F."
70,"ROBINSON"
70,"WATSON, J"
70,"BROOKHART"
70,"STECK, D."
70,"CAPPER, A"
70,"CURTIS, C"
70,"BARKLEY,"
70,"SACKETT,"
70,"RANSDELL"
70,"BROUSSARD"
70,"HALE, F."
70,"GOULD, A."
70,"BRUCE, W."
70,"TYDINGS,"
70,"GILLETT,"
70,"WALSH, D."
70,"COUZENS,"
70,"FERRIS, W"
70,"VANDENBER"
70,"SCHALL, T"
70,"SHIPSTEAD"
70,"HARRISON"
70,"STEPHENS"
70,"HAWES, H."
70,"REED, J.A"
70,"WHEELER,"
70,"WALSH, T."
70,"HOWELL, R"
70,"NORRIS, G"
70,"PITTMAN,"
70,"ODDIE, T."
70,"KEYES, H."
70,"MOSES, G."
70,"EDGE, W.E"
70,"EDWARDS,"
70,"BRATTON,"
70,"JONES, A."
70,"CUTTING,"
70,"LARRAZOLO"
70,"COPELAND"
70,"WAGNER, R"
70,"SIMMONS,"
70,"OVERMAN,"
70,"FRAZIER,"
70,"NYE, G.P."
70,"FESS, S.D"
70,"WILLIS, F"
70,"LOCHER, C"
70,"BURTON, T"
70,"PINE, W.B"
70,"THOMAS, J"
70,"STEIWER,"
70,"MCNARY, C"
70,"REED, D.A"
70,"METCALF,"
70,"GERRY, P."
70,"BLEASE, C"
70,"SMITH, E."
70,"MCMASTER"
70,"NORBECK,"
70,"MCKELLAR"
70,"TYSON, L."
70,"SHEPPARD"
70,"MAYFIELD"
70,"SMOOT, R."
70,"KING, W.H"
70,"DALE, P.H"
70,"GREENE, F"
70,"SWANSON,"
70,"GLASS, C."
70,"DILL, C.C"
70,"JONES, W."
70,"GOFF, G.D"
70,"NEELY, M."
70,"BLAINE, J"
70,"LAFOLLETT"
70,"WARREN, F"
70,"KENDRICK"
71,"BLACK, H."
71,"HEFLIN, J"
71,"ASHURST,"
71,"HAYDEN, C"
71,"ROBINSON"
71,"CARAWAY,"
71,"JOHNSON,"
71,"SHORTRIDG"
71,"WATERMAN"
71,"PHIPPS, L"
71,"WALCOTT,"
71,"BINGHAM,"
71,"TOWNSEND"
71,"HASTINGS"
71,"FLETCHER"
71,"TRAMMELL"
71,"GEORGE, W"
71,"HARRIS, W"
71,"THOMAS, J"
71,"BORAH, W."
71,"DENEEN, C"
71,"GLENN, O."
71,"ROBINSON"
71,"WATSON, J"
71,"STECK, D."
71,"BROOKHART"
71,"CAPPER, A"
71,"ALLEN, H."
71,"MCGILL, G"
71,"BARKLEY,"
71,"SACKETT,"
71,"ROBSION,"
71,"WILLIAMSO"
71,"BROUSSARD"
71,"RANSDELL"
71,"GOULD, A."
71,"HALE, F."
71,"TYDINGS,"
71,"GOLDSBORO"
71,"WALSH, D."
71,"GILLETT,"
71,"COUZENS,"
71,"VANDENBER"
71,"SCHALL, T"
71,"SHIPSTEAD"
71,"HARRISON"
71,"STEPHENS"
71,"PATTERSON"
71,"HAWES, A."
71,"WALSH, T."
71,"WHEELER,"
71,"HOWELL, R"
71,"NORRIS, G"
71,"ODDIE, T."
71,"PITTMAN,"
71,"KEYES, H."
71,"MOSES, G."
71,"KEAN, H.F"
71,"EDGE, W.E"
71,"BAIRD, D."
71,"MORROW, D"
71,"CUTTING,"
71,"BRATTON,"
71,"COPELAND"
71,"WAGNER, R"
71,"SIMMONS,"
71,"OVERMAN,"
71,"MORRISON"
71,"NYE, G.P."
71,"FRAZIER,"
71,"FESS, S.D"
71,"BURTON, T"
71,"MCCULLOCH"
71,"BULKLEY,"
71,"PINE, W.B"
71,"THOMAS, E"
71,"MCNARY, C"
71,"STEIWER,"
71,"REED, D.A"
71,"GRUNDY, J"
71,"DAVIS, J."
71,"HEBERT, F"
71,"METCALF,"
71,"SMITH, E."
71,"BLEASE, C"
71,"NORBECK,"
71,"MCMASTER"
71,"MCKELLAR"
71,"TYSON, L."
71,"BROCK, W."
71,"CONNALLY,"
71,"SHEPPARD"
71,"SMOOT, R."
71,"KING, W.H"
71,"DALE, P.H"
71,"GREENE, F"
71,"PARTRIDGE"
71,"SWANSON,"
71,"GLASS, C."
71,"DILL, C.C"
71,"JONES, W."
71,"HATFIELD"
71,"GOFF, G.D"
71,"BLAINE, J"
71,"LAFOLLETT"
71,"KENDRICK"
71,"WARREN, F"
71,"SULLIVAN"
71,"CAREY, R."
72,"BANKHEAD"
72,"BLACK, H."
72,"ASHURST,"
72,"HAYDEN, C"
72,"ROBINSON"
72,"CARAWAY,"
72,"CARAWAY,"
72,"JOHNSON,"
72,"SHORTRIDG"
72,"COSTIGAN"
72,"WATERMAN"
72,"WALKER, W"
72,"SCHUYLER"
72,"BINGHAM,"
72,"WALCOTT,"
72,"TOWNSEND"
72,"HASTINGS"
72,"FLETCHER"
72,"TRAMMELL"
72,"GEORGE, W"
72,"HARRIS, W"
72,"COHEN, J."
72,"RUSSELL,"
72,"BORAH, W."
72,"THOMAS, J"
72,"GLENN, O."
72,"LEWIS, J."
72,"WATSON, J"
72,"ROBBINSON"
72,"DICKINSON"
72,"BROOKHART"
72,"MCGILL, G"
72,"CAPPER, A"
72,"LOGAN, M."
72,"BARKLEY,"
72,"LONG, H.P"
72,"BROUSSARD"
72,"WHITE, JR"
72,"HALE, F."
72,"GOLDSBORO"
72,"TYDINGS,"
72,"COOLIDGE"
72,"WALSH, D."
72,"COUZENS,"
72,"VANDENBER"
72,"SHIPSTEAD"
72,"SCHALL, T"
72,"HARRISON"
72,"STEPHENS"
72,"PATTERSON"
72,"HAWES, J."
72,"CLARK, B."
72,"WHEELER,"
72,"WALSH, T."
72,"HOWELL, R"
72,"NORRIS, G"
72,"ODDIE, T."
72,"PITTMAN,"
72,"KEYES, H."
72,"MOSES, G."
72,"KEAN, H.F"
72,"MORROW, D"
72,"BARBOUR,"
72,"CUTTING,"
72,"BRATTON,"
72,"WAGNER, R"
72,"COPELAND"
72,"BAILEY, J"
72,"MORRISON"
72,"REYNOLDS"
72,"NYE, G.P."
72,"FRAZIER,"
72,"FESS, S.D"
72,"BULKLEY,"
72,"GORE, T.P"
72,"THOMAS, J"
72,"STEIWER,"
72,"MCNARY, C"
72,"REED, D.A"
72,"DAVIS, J."
72,"HEBERT, F"
72,"METCALF,"
72,"SMITH, E."
72,"BYRNES, J"
72,"BULOW, W."
72,"NORBECK,"
72,"HULL, C."
72,"MCKELLAR"
72,"SHEPPARD"
72,"CONNALLY"
72,"SMOOT, R."
72,"KING, W.H"
72,"DALE, P.H"
72,"PARTRIDGE"
72,"AUSTIN, W"
72,"SWANSON,"
72,"GLASS, C."
72,"DILL, C.C"
72,"JONES, W."
72,"GRAMMER,"
72,"HATFIELD"
72,"NEELY, M."
72,"LAFOLLETT"
72,"BLAINE, J"
72,"CAREY, R."
72,"KENDRICK"
73,"BANKHEAD"
73,"BLACK, H."
73,"ASHURST,"
73,"HAYDEN, C"
73,"ROBINSON"
73,"CARAWAY,"
73,"JOHNSON,"
73,"MCADOO, W"
73,"COSTIGAN"
73,"ADAMS, A."
73,"LONERGAN"
73,"WALCOTT,"
73,"TOWNSEND"
73,"HASTINGS"
73,"TRAMMELL"
73,"FLETCHER"
73,"GEORGE, W"
73,"RUSSELL,"
73,"BORAH, W."
73,"POPE, J.P"
73,"DIETERICH"
73,"LEWIS, J."
73,"ROBINSON"
73,"VAN NUYS"
73,"DICKINSON"
73,"MURPHY, R"
73,"CAPPER, A"
73,"MCGILL, G"
73,"BARKLEY,"
73,"LOGAN, M."
73,"LONG, H.P"
73,"OVERTON,"
73,"HALE, F."
73,"WHITE, W."
73,"GOLDSBORO"
73,"TYDINGS,"
73,"COOLIDGE"
73,"WALSH, D."
73,"COUZENS,"
73,"VANDENBER"
73,"SCHALL, T"
73,"SHIPSTEAD"
73,"STEPHENS"
73,"HARRISON"
73,"PATTERSON"
73,"CLARK, J."
73,"WHEELER,"
73,"ERICKSON"
73,"MURRAY, J"
73,"WALSH, T."
73,"NORRIS, G"
73,"HOWELL, R"
73,"THOMPSON"
73,"MCCARRAN"
73,"PITTMAN,"
73,"BROWN, F."
73,"KEYES, H."
73,"KEAN, H.F"
73,"BARBOUR,"
73,"CUTTING,"
73,"BRATTON,"
73,"HATCH, C."
73,"WAGNER, R"
73,"COPELAND"
73,"BAILEY, J"
73,"REYNOLDS"
73,"NYE, G.P."
73,"FRAZIER,"
73,"BULKLEY,"
73,"FESS, S.D"
73,"THOMAS, J"
73,"GORE, T.P"
73,"MCNARY, C"
73,"STEIWER,"
73,"REED, D.A"
73,"DAVIS, J."
73,"HEBERT, F"
73,"METCALF,"
73,"BYRNES, J"
73,"SMITH, E."
73,"NORBECK,"
73,"BULOW, W."
73,"HULL, C."
73,"MCKELLAR"
73,"BACHMAN,"
73,"SHEPPARD"
73,"CONNALLY"
73,"THOMAS, E"
73,"KING, W.H"
73,"AUSTIN, W"
73,"DALE, P.H"
73,"GIBSON, E"
73,"BYRD, H.F"
73,"GLASS, C."
73,"DILL, C.C"
73,"BONE, H.T"
73,"HATFIELD"
73,"NEELY, M."
73,"LAFOLLETT"
73,"DUFFY, F."
73,"O'MAHONEY"
73,"CAREY, R."
73,"KENDRICK,"
74,"BLACK"
74,"BANKHEAD"
74,"ASHURST"
74,"HAYDEN"
74,"ROBINSON"
74,"CARAWAY"
74,"JOHNSON"
74,"MCADOO"
74,"COSTIGAN"
74,"ADAMS"
74,"LONERGAN"
74,"MALONEY"
74,"TOWNSEND"
74,"HASTINGS"
74,"TRAMMELL"
74,"FLETCHER"
74,"HILL"
74,"LOFTIN"
74,"PEPPER"
74,"ANDREWS"
74,"RUSSELL"
74,"GEORGE"
74,"POPE"
74,"BORAH"
74,"DIETERICH"
74,"LEWIS"
74,"VAN NUYS"
74,"MINTON"
74,"DICKINSON"
74,"MURPHY"
74,"GILLETTE"
74,"CAPPER"
74,"MCGILL"
74,"LOGAN"
74,"BARKLEY"
74,"OVERTON"
74,"LONG, H."
74,"LONG, R."
74,"HALE"
74,"WHITE"
74,"RADCLIFFE"
74,"TYDINGS"
74,"WALSH"
74,"COOLIDGE"
74,"VANDENBER"
74,"COUZENS"
74,"BROWN, P."
74,"SHIPSTEAD"
74,"SCHALL"
74,"BENSON"
74,"HOWARD"
74,"HARRISON"
74,"BILBO"
74,"TRUMAN"
74,"CLARK"
74,"WHEELER"
74,"MURRAY"
74,"BURKE"
74,"NORRIS"
74,"PITTMAN"
74,"MCCARRAN"
74,"KEYES"
74,"BROWN, F."
74,"MOORE"
74,"BARBOUR"
74,"HATCH"
74,"CUTTING"
74,"CHAVEZ"
74,"WAGNER"
74,"COPELAND"
74,"BAILEY"
74,"REYNOLDS"
74,"FRAZIER"
74,"NYE"
74,"DONAHEY"
74,"BULKLEY"
74,"GORE"
74,"THOMAS, J"
74,"STEIWER"
74,"MCNARY"
74,"DAVIS"
74,"GUFFEY"
74,"GERRY"
74,"METCALF"
74,"BYRNES"
74,"SMITH"
74,"NORBECK"
74,"BULOW"
74,"BACHMAN"
74,"MCKELLAR"
74,"SHEPPARD"
74,"CONNALLY"
74,"KING"
74,"THOMAS, E"
74,"AUSTIN"
74,"GIBSON"
74,"GLASS"
74,"BYRD"
74,"SCHWELLEN"
74,"BONE"
74,"NEELY"
74,"HOLT"
74,"LAFOLLETT"
74,"DUFFY"
74,"CAREY"
74,"O'MAHONEY"
75,"BANKHEAD"
75,"BLACK"
75,"GRAVES"
75,"HILL"
75,"HAYDEN"
75,"ASHURST"
75,"CARAWAY"
75,"ROBINSON"
75,"MILLER"
75,"JOHNSON,"
75,"MCADOO"
75,"STORKE"
75,"ADAMS"
75,"JOHNSON,"
75,"LONERGAN"
75,"MALONEY"
75,"TOWNSEND"
75,"HUGHES"
75,"ANDREWS"
75,"PEPPER"
75,"GEORGE"
75,"RUSSELL"
75,"BORAH"
75,"POPE"
75,"DIETERICH"
75,"LEWIS"
75,"MINTON"
75,"VAN NUYS"
75,"HERRING"
75,"GILLETTE"
75,"MCGILL"
75,"CAPPER"
75,"LOGAN"
75,"BARKLEY"
75,"OVERTON"
75,"ELLENDER"
75,"HALE"
75,"WHITE"
75,"TYDINGS"
75,"RADCLIFFE"
75,"WALSH"
75,"LODGE"
75,"VANDENBER"
75,"BROWN, P."
75,"LUNDEEN"
75,"SHIPSTEAD"
75,"HARRISON"
75,"BILBO"
75,"CLARK"
75,"TRUMAN"
75,"MURRAY"
75,"WHEELER"
75,"BURKE"
75,"NORRIS"
75,"MCCARRAN"
75,"PITTMAN"
75,"BROWN, F."
75,"BRIDGES"
75,"SMATHERS"
75,"MOORE"
75,"MILTON"
75,"BARBOUR"
75,"HATCH"
75,"CHAVEZ"
75,"WAGNER"
75,"COPELAND"
75,"MEAD"
75,"BAILEY"
75,"REYNOLDS"
75,"NYE"
75,"FRAZIER"
75,"DONAHEY"
75,"BULKLEY"
75,"THOMAS, J"
75,"LEE"
75,"MCNARY"
75,"STEIWER"
75,"REAMES"
75,"BARRY"
75,"GUFFEY"
75,"DAVIS"
75,"GREEN"
75,"GERRY"
75,"SMITH"
75,"BYRNES"
75,"BULOW"
75,"HITCHCOCK"
75,"PYLE"
75,"MCKELLAR"
75,"BACHMAN"
75,"BERRY"
75,"SHEPPARD"
75,"CONNALLY"
75,"THOMAS, E"
75,"KING"
75,"AUSTIN"
75,"GIBSON"
75,"GLASS"
75,"BYRD"
75,"SCHWELLEN"
75,"BONE"
75,"NEELY"
75,"HOLT"
75,"DUFFY"
75,"LAFOLLETT"
75,"SCHWARTZ"
75,"O'MAHONEY"
76,"HILL"
76,"BANKHEAD"
76,"ASHURST"
76,"HAYDEN"
76,"MILLER"
76,"CARAWAY"
76,"JOHNSON,"
76,"DOWNEY"
76,"ADAMS"
76,"JOHNSON,"
76,"MALONEY"
76,"DANAHER"
76,"HUGHES"
76,"TOWNSEND"
76,"ANDREWS"
76,"PEPPER"
76,"GEORGE"
76,"RUSSELL"
76,"CLARK, D."
76,"BORAH"
76,"THOMAS, J"
76,"LUCAS"
76,"LEWIS"
76,"SLATTERY"
76,"BROOKS"
76,"VANNUYS"
76,"MINTON"
76,"HERRING"
76,"GILLETTE"
76,"CAPPER"
76,"REED"
76,"BARKLEY"
76,"LOGAN"
76,"CHANDLER"
76,"ELLENDER"
76,"OVERTON"
76,"WHITE"
76,"HALE"
76,"RADCLIFFE"
76,"TYDINGS"
76,"WALSH"
76,"LODGE"
76,"BROWN"
76,"VANDENBER"
76,"SHIPSTEAD"
76,"LUNDEEN"
76,"BALL"
76,"BILBO"
76,"HARRISON"
76,"CLARK, J."
76,"TRUMAN"
76,"WHEELER"
76,"MURRAY"
76,"BURKE"
76,"NORRIS"
76,"MCCARRAN"
76,"PITTMAN"
76,"BUNKER"
76,"TOBEY"
76,"BRIDGES"
76,"BARBOUR"
76,"SMATHERS"
76,"CHAVEZ"
76,"HATCH"
76,"WAGNER"
76,"MEAD"
76,"REYNOLDS"
76,"BAILEY"
76,"NYE"
76,"FRAZIER"
76,"DONAHEY"
76,"TAFT"
76,"THOMAS, J"
76,"LEE"
76,"HOLMAN"
76,"MCNARY"
76,"GUFFEY"
76,"DAVIS"
76,"GREEN"
76,"GERRY"
76,"SMITH"
76,"BYRNES"
76,"BULOW"
76,"GURNEY"
76,"MCKELLAR"
76,"STEWART"
76,"CONNALLY"
76,"SHEPPARD"
76,"THOMAS, E"
76,"KING"
76,"AUSTIN"
76,"GIBSON"
76,"GIBSON"
76,"GLASS"
76,"BYRD"
76,"BONE"
76,"SCHWELLEN"
76,"WALLGREN"
76,"NEELY"
76,"HOLT"
76,"WILEY"
76,"LAFOLLETT"
76,"SCHWARTZ"
76,"O'MAHONEY"
77,"HILL"
77,"BANKHEAD"
77,"MCFARLAND"
77,"HAYDEN"
77,"CARAWAY"
77,"MILLER"
77,"SPENCER"
77,"DOWNEY"
77,"JOHNSON,"
77,"JOHNSON,"
77,"ADAMS"
77,"MILLIKEN"
77,"MALONEY"
77,"DANAHER"
77,"TUNNELL"
77,"HUGHES"
77,"PEPPER"
77,"ANDREWS"
77,"RUSSELL"
77,"GEORGE"
77,"THOMAS, J"
77,"CLARK, D."
77,"LUCAS"
77,"BROOKS"
77,"WILLIS"
77,"VANNUYS"
77,"HERRING"
77,"GILLETTE"
77,"CAPPER"
77,"REED"
77,"CHANDLER"
77,"BARKLEY"
77,"OVERTON"
77,"ELLENDER"
77,"BREWSTER"
77,"WHITE"
77,"RADCLIFFE"
77,"TYDINGS"
77,"LODGE"
77,"WALSH"
77,"VANDENBER"
77,"BROWN"
77,"SHIPSTEAD"
77,"BALL"
77,"NELSON"
77,"BILBO"
77,"HARRISON"
77,"EASTLAND"
77,"DOXEY"
77,"CLARK, J."
77,"TRUMAN"
77,"WHEELER"
77,"MURRAY"
77,"NORRIS"
77,"BUTLER"
77,"MCCARRAN"
77,"BUNKER"
77,"SCRUGHAM"
77,"BRIDGES"
77,"TOBEY"
77,"BARBOUR"
77,"SMATHERS"
77,"HATCH"
77,"CHAVEZ"
77,"WAGNER"
77,"MEAD"
77,"REYNOLDS"
77,"BAILEY"
77,"NYE"
77,"LANGER"
77,"BURTON"
77,"TAFT"
77,"THOMAS, J"
77,"LEE"
77,"HOLMAN"
77,"MCNARY"
77,"GUFFEY"
77,"DAVIS"
77,"GERRY"
77,"GREEN"
77,"SMITH"
77,"BYRNES"
77,"LUMPKIN"
77,"PEACE"
77,"MAYBANK"
77,"GURNEY"
77,"BULOW"
77,"STEWART"
77,"MCKELLAR"
77,"CONNALLY"
77,"SHEPPARD"
77,"HOUSTON"
77,"O'DANIEL"
77,"MURDOCK"
77,"THOMAS, E"
77,"AIKEN"
77,"AUSTIN"
77,"GLASS"
77,"BYRD"
77,"WALLGREN"
77,"BONE"
77,"KILGORE"
77,"NEELY"
77,"ROSIER"
77,"SHOTT"
77,"LAFOLLETT"
77,"WILEY"
77,"O'MAHONEY"
77,"SCHWARTZ"
78,"BANKHEAD"
78,"HILL"
78,"HAYDEN"
78,"MCFARLAND"
78,"MCCLELLAN"
78,"CARAWAY"
78,"JOHNSON,"
78,"DOWNEY"
78,"JOHNSON,"
78,"MILLIKEN"
78,"DANAHER"
78,"MALONEY"
78,"TUNNELL"
78,"BUCK"
78,"ANDREWS"
78,"PEPPER"
78,"RUSSELL"
78,"GEORGE"
78,"CLARK, D."
78,"THOMAS, J"
78,"LUCAS"
78,"BROOKS"
78,"WILLIS"
78,"VANNUYS"
78,"JACKSON"
78,"JENNER"
78,"WILSON"
78,"GILLETTE"
78,"CAPPER"
78,"REED"
78,"BARKLEY"
78,"CHANDLER"
78,"ELLENDER"
78,"OVERTON"
78,"WHITE"
78,"BREWSTER"
78,"TYDINGS"
78,"RADCLIFFE"
78,"WALSH, D."
78,"LODGE"
78,"WEEKS"
78,"FERGUSON"
78,"VANDENBER"
78,"BALL"
78,"SHIPSTEAD"
78,"BILBO"
78,"EASTLAND"
78,"TRUMAN"
78,"CLARK, J."
78,"MURRAY"
78,"WHEELER"
78,"BUTLER"
78,"WHERRY"
78,"SCRUGHAM"
78,"MCCARRAN"
78,"TOBEY"
78,"BRIDGES"
78,"HAWKES"
78,"BARBOUR"
78,"WALSH, A."
78,"SMITH, H."
78,"HATCH"
78,"CHAVEZ"
78,"MEAD"
78,"WAGNER"
78,"BAILEY"
78,"REYNOLDS"
78,"NYE"
78,"LANGER"
78,"TAFT"
78,"BURTON"
78,"THOMAS, J"
78,"MOORE"
78,"HOLMAN"
78,"MCNARY"
78,"CORDON"
78,"DAVIS"
78,"GUFFEY"
78,"GERRY"
78,"GREEN"
78,"MAYBANK"
78,"SMITH, E."
78,"HALL"
78,"GURNEY"
78,"BUSHFIELD"
78,"STEWART"
78,"MCKELLAR"
78,"CONNALLY"
78,"O'DANIEL"
78,"THOMAS, E"
78,"MURDOCK"
78,"AUSTIN"
78,"AIKEN"
78,"BYRD"
78,"GLASS"
78,"WALLGREN"
78,"BONE"
78,"MAGNUSON"
78,"KILGORE"
78,"REVERCOMB"
78,"LAFOLLETT"
78,"WILEY"
78,"O'MAHONEY"
78,"ROBERTSON"
79,"HILL, L."
79,"BANKHEAD"
79,"SWIFT"
79,"SPARKMAN"
79,"HAYDEN"
79,"MCFARLAND"
79,"FULBRIGHT"
79,"MCCLELLAN"
79,"DOWNEY"
79,"JOHNSON,"
79,"KNOWLAND"
79,"JOHNSON,"
79,"MILLIKIN"
79,"MCMAHON"
79,"MALONEY"
79,"HART"
79,"TUNNELL"
79,"BUCK"
79,"PEPPER"
79,"ANDREWS"
79,"RUSSELL"
79,"GEORGE"
79,"TAYLOR"
79,"THOMAS, J"
79,"GOSSETT"
79,"BROOKS"
79,"LUCAS"
79,"CAPEHART"
79,"WILLS"
79,"HICKENLOO"
79,"WILSON, G"
79,"CAPPER"
79,"REED, C."
79,"BARKLEY"
79,"CHANDLER"
79,"STANFILL"
79,"ELLENDER"
79,"OVERTON"
79,"WHITE, W."
79,"BREWSTER"
79,"TYDINGS"
79,"RADCLIFFE"
79,"WALSH"
79,"SALTONSTA"
79,"VANDENBER"
79,"FERGUSON"
79,"BALL"
79,"SHIPSTEAD"
79,"EASTLAND"
79,"BILBO"
79,"DONNELL"
79,"TRUMAN"
79,"BRIGGS"
79,"MURRAY"
79,"WHEELER"
79,"WHERRY"
79,"BUTLER, H"
79,"MCCARRAN"
79,"SCRUGHAM"
79,"CARVILLE"
79,"BRIDGES"
79,"TOBEY"
79,"SMITH, H."
79,"HAWKES"
79,"CHAVEZ"
79,"HATCH"
79,"MEAD"
79,"WAGNER"
79,"BAILEY"
79,"HOEY"
79,"LANGER"
79,"MOSES"
79,"YOUNG"
79,"TAFT"
79,"BURTON"
79,"HUFFMAN"
79,"THOMAS, J"
79,"MOORE"
79,"MORSE"
79,"CORDON"
79,"GUFFEY"
79,"MYERS"
79,"GREEN, T."
79,"GERRY"
79,"MAYBANK"
79,"JOHNSTON"
79,"GURNEY"
79,"BUSHFIELD"
79,"STEWART"
79,"MCKELLAR"
79,"CONNALLY"
79,"O'DANIEL"
79,"THOMAS, E"
79,"MURDOCK"
79,"AUSTIN"
79,"AIKEN"
79,"BYRD"
79,"GLASS"
79,"BURCH"
79,"ROBERTSON"
79,"MAGNUSON"
79,"WALLGREN"
79,"MITCHELL"
79,"KILGORE"
79,"REVERCOMB"
79,"LAFOLLETT"
79,"WILEY"
79,"ROBERTSON"
79,"O'MAHONEY"
80,"SPARKMAN"
80,"HILL, L."
80,"HAYDEN"
80,"MCFARLAND"
80,"MCCLELLAN"
80,"FULBRIGHT"
80,"KNOWLAND"
80,"DOWNEY"
80,"JOHNSON,"
80,"MILLIKIN"
80,"BALDWIN"
80,"MCMAHON"
80,"BUCK"
80,"WILLIAMS,"
80,"PEPPER"
80,"HOLLAND"
80,"RUSSELL"
80,"GEORGE"
80,"TAYLOR, G"
80,"DWORSHAK"
80,"BROOKS"
80,"LUCAS"
80,"JENNER"
80,"CAPEHART"
80,"HICKENLOO"
80,"WILSON, G"
80,"REED, C.M"
80,"CAPPER"
80,"COOPER"
80,"BARKLEY"
80,"ELLENDER"
80,"OVERTON"
80,"FEAZELL"
80,"BREWSTER"
80,"WHITE, W."
80,"TYDINGS"
80,"O'CONOR"
80,"LODGE"
80,"SALTONSTA"
80,"FERGUSON"
80,"VANDENBER"
80,"THYE"
80,"BALL"
80,"EASTLAND"
80,"BILBO"
80,"STENNIS"
80,"DONNELL"
80,"KEM"
80,"MURRAY"
80,"ECTON"
80,"WHERRY"
80,"BUTLER"
80,"MCCARRAN"
80,"MALONE"
80,"TOBEY"
80,"BRIDGES"
80,"HAWKES"
80,"SMITH, H."
80,"HATCH"
80,"CHAVEZ"
80,"WAGNER"
80,"IVES"
80,"UMSTEAD"
80,"HOEY"
80,"LANGER"
80,"YOUNG"
80,"TAFT"
80,"BRICKER"
80,"MOORE, E."
80,"THOMAS, J"
80,"CORDON"
80,"MORSE"
80,"MYERS"
80,"MARTIN"
80,"MCGRATH"
80,"GREEN, T."
80,"JOHNSTON"
80,"MAYBANK"
80,"GURNEY"
80,"BUSHFIELD"
80,"STEWART"
80,"MCKELLAR"
80,"O'DANIEL"
80,"CONNALLY"
80,"WATKINS"
80,"THOMAS, E"
80,"AIKEN"
80,"FLANDERS"
80,"ROBERTSON"
80,"BYRD"
80,"CAIN"
80,"MAGNUSON"
80,"KILGORE"
80,"REVERCOMB"
80,"WILEY"
80,"MCCARTHY"
80,"ROBERTSON"
80,"O'MAHONEY"
81,"HILL, L."
81,"SPARKMAN"
81,"HAYDEN"
81,"MCFARLAND"
81,"FULBRIGHT"
81,"MCCLELLAN"
81,"KNOWLAND"
81,"DOWNEY"
81,"NIXON"
81,"MILLIKIN"
81,"JOHNSON,"
81,"MCMAHON"
81,"BALDWIN"
81,"BENTON"
81,"FREAR"
81,"WILLIAMS,"
81,"PEPPER"
81,"HOLLAND"
81,"GEORGE"
81,"RUSSELL"
81,"TAYLOR, G"
81,"MILLER, B"
81,"DWORSHAK"
81,"DOUGLAS"
81,"LUCAS"
81,"JENNER"
81,"CAPEHART"
81,"GILLETTE"
81,"HICKENLOO"
81,"SCHOEPPEL"
81,"REED"
81,"DARBY"
81,"CARLSON"
81,"CHAPMAN"
81,"BARKLEY"
81,"WITHERS"
81,"CLEMENTS"
81,"ELLENDER"
81,"LONG, R."
81,"BREWSTER"
81,"SMITH, M."
81,"O'CONOR"
81,"TYDINGS"
81,"SALTONSTA"
81,"LODGE"
81,"VANDENBER"
81,"FERGUSON"
81,"HUMPHREY"
81,"THYE"
81,"STENNIS"
81,"EASTLAND"
81,"KEM"
81,"DONNELL"
81,"ECTON"
81,"MURRAY"
81,"WHERRY"
81,"BUTLER"
81,"MCCARRAN"
81,"MALONE"
81,"BRIDGES"
81,"TOBEY"
81,"HENDRICKS"
81,"SMITH, H."
81,"ANDERSON"
81,"CHAVEZ"
81,"IVES"
81,"WAGNER"
81,"DULLES"
81,"LEHMAN"
81,"HOEY"
81,"BROUGHTON"
81,"GRAHAM"
81,"SMITH, W."
81,"YOUNG"
81,"LANGER"
81,"TAFT"
81,"BRICKER"
81,"THOMAS, J"
81,"KERR"
81,"MORSE"
81,"CORDON"
81,"MARTIN"
81,"MYERS"
81,"GREEN"
81,"MCGRATH"
81,"LEAHY"
81,"PASTORE"
81,"JOHNSTON"
81,"MAYBANK"
81,"MUNDT"
81,"GURNEY"
81,"KEFAUVER"
81,"MCKELLAR"
81,"JOHNSON,"
81,"CONNALLY"
81,"WATKINS"
81,"THOMAS, E"
81,"FLANDERS"
81,"AIKEN"
81,"ROBERTSON"
81,"BYRD"
81,"CAIN"
81,"MAGNUSON"
81,"KILGORE"
81,"NEELY"
81,"MCCARTHY"
81,"WILEY"
81,"O'MAHONEY"
81,"HUNT"
82,"SPARKMAN"
82,"HILL, L."
82,"HAYDEN"
82,"MCFARLAND"
82,"FULBRIGHT"
82,"MCCLELLAN"
82,"NIXON"
82,"KNOWLAND"
82,"MILLIKEN"
82,"JOHNSON,"
82,"BENTON"
82,"MCMAHON"
82,"FREAR"
82,"WILLIAMS,"
82,"SMATHERS"
82,"HOLLAND"
82,"GEORGE"
82,"RUSSELL"
82,"WELKER"
82,"DWORSHAK"
82,"DOUGLAS"
82,"DIRKSEN"
82,"JENNER"
82,"CAPEHART"
82,"HICKENLOO"
82,"GILLETTE"
82,"SCHOEPPEL"
82,"CARLSON"
82,"CLEMENTS"
82,"CHAPMAN"
82,"UNDERWOOD"
82,"LONG, R."
82,"ELLENDER"
82,"SMITH, M."
82,"BREWSTER"
82,"BUTLER, J"
82,"O'CONOR"
82,"SALTONSTA"
82,"LODGE"
82,"FERGUSON"
82,"VANDENBER"
82,"MOODY"
82,"HUMPHREY"
82,"THYE"
82,"STENNIS"
82,"EASTLAND"
82,"KEM"
82,"HENNINGS"
82,"ECTON"
82,"MURRAY"
82,"BUTLER"
82,"WHERRY"
82,"SEATON"
82,"MALONE"
82,"MCCARRAN"
82,"TOBEY"
82,"BRIDGES"
82,"SMITH, H."
82,"HENDRICKS"
82,"CHAVEZ"
82,"ANDERSON,"
82,"LEHMAN"
82,"IVES"
82,"SMITH, W."
82,"HOEY"
82,"LANGER"
82,"YOUNG"
82,"TAFT"
82,"BRICKER"
82,"KERR"
82,"MONRONEY"
82,"CORDON"
82,"MORSE"
82,"DUFF"
82,"MARTIN, E"
82,"PASTORE"
82,"GREEN"
82,"MAYBANK"
82,"JOHNSTON"
82,"CASE"
82,"MUNDT"
82,"KEFAUVER"
82,"MCKELLAR"
82,"JOHNSON,"
82,"CONNALLY"
82,"BENNETT"
82,"WATKINS"
82,"FLANDERS"
82,"AIKEN"
82,"ROBERTSON"
82,"BYRD"
82,"CAIN"
82,"MAGNUSON"
82,"NEELY"
82,"KILGORE"
82,"WILEY"
82,"MCCARTHY"
82,"HUNT"
82,"O'MAHONEY"
83,"HILL, L."
83,"SPARKMAN"
83,"HAYDEN"
83,"GOLDWATER"
83,"MCCLELLAN"
83,"FULBRIGHT"
83,"KNOWLAND"
83,"KUCHEL"
83,"MILLIKIN"
83,"JOHNSON,"
83,"PURTELL"
83,"BUSH"
83,"FREAR"
83,"WILLIAMS"
83,"HOLLAND"
83,"SMATHERS"
83,"GEORGE"
83,"RUSSELL"
83,"DWORSHAK"
83,"WELKER"
83,"DIRKSEN"
83,"DOUGLAS"
83,"CAPEHART"
83,"JENNER"
83,"GILLETTE"
83,"HICKENLOO"
83,"SCHOEPPEL"
83,"CARLSON"
83,"COOPER"
83,"CLEMENTS"
83,"LONG, R."
83,"ELLENDER"
83,"SMITH, M."
83,"PAYNE"
83,"BUTLER"
83,"BEALL"
83,"SALTONSTA"
83,"KENNEDY"
83,"FERGUSON"
83,"POTTER"
83,"HUMPHREY"
83,"THYE"
83,"STENNIS"
83,"EASTLAND"
83,"SYMINGTON"
83,"HENNINGS"
83,"MANSFIELD"
83,"MURRAY"
83,"GRISWOLD"
83,"BUTLER, H"
83,"BOWRING"
83,"REYNOLDS"
83,"ABEL"
83,"HRUSKA"
83,"MALONE"
83,"MCCARRAN"
83,"BROWN, E."
83,"BIBLE"
83,"BRIDGES"
83,"TOBEY"
83,"UPTON"
83,"COTTON"
83,"SMITH, H."
83,"HENDRICKS"
83,"ANDERSON"
83,"CHAVEZ"
83,"LEHMAN"
83,"IVES"
83,"SMITH, W."
83,"HOEY"
83,"LENNON"
83,"ERVIN"
83,"SCOTT"
83,"YOUNG"
83,"LANGER"
83,"BRICKER"
83,"TAFT"
83,"BURKE, T."
83,"KERR"
83,"MONRONEY"
83,"CORDON"
83,"MORSE"
83,"MARTIN"
83,"DUFF"
83,"GREEN"
83,"PASTORE"
83,"JOHNSTON"
83,"MAYBANK"
83,"DANIEL, C"
83,"CASE"
83,"MUNDT"
83,"GORE"
83,"KEFAUVER"
83,"JOHNSON,"
83,"DANIEL"
83,"WATKINS"
83,"BENNETT"
83,"AIKEN"
83,"FLANDERS"
83,"ROBERTSON"
83,"BYRD"
83,"MAGNUSON"
83,"JACKSON"
83,"NEELY"
83,"KILGORE"
83,"WILEY"
83,"MCCARTHY"
83,"BARRETT"
83,"HUNT"
83,"CRIPPA"
83,"O'MAHONEY"
84,"EISENHOWE"
84,"HILL"
84,"SPARKMAN"
84,"GOLDWATER"
84,"HAYDEN"
84,"FULBRIGHT"
84,"MCCLELLAN"
84,"KNOWLAND"
84,"KUCHEL"
84,"ALLOTT"
84,"MILLIKIN"
84,"PURTELL"
84,"BUSH"
84,"FREAR"
84,"WILLIAMS"
84,"HOLLAND"
84,"SMATHERS"
84,"GEORGE"
84,"RUSSELL"
84,"DWORSHAK"
84,"WELKER"
84,"DIRKSEN"
84,"DOUGLAS"
84,"CAPEHART"
84,"JENNER"
84,"HICKENLOO"
84,"MARTIN, T"
84,"SCHOEPPEL"
84,"CARLSON"
84,"CLEMENTS"
84,"BARKLEY"
84,"HUMPHREYS"
84,"LONG"
84,"ELLENDER"
84,"PAYNE"
84,"SMITH, M."
84,"BEALL"
84,"BUTLER"
84,"SALTONSTA"
84,"KENNEDY"
84,"MCNAMARA"
84,"POTTER"
84,"THYE"
84,"HUMPHREY"
84,"STENNIS"
84,"EASTLAND"
84,"HENNINGS"
84,"SYMINGTON"
84,"MURRAY"
84,"MANSFIELD"
84,"HRUSKA"
84,"CURTIS"
84,"MALONE"
84,"BIBLE"
84,"BRIDGES"
84,"COTTON"
84,"SMITH, H."
84,"CASE, C."
84,"CHAVEZ"
84,"ANDERSON,"
84,"LEHMAN"
84,"IVES"
84,"ERVIN"
84,"SCOTT"
84,"YOUNG"
84,"LANGER"
84,"BRICKER"
84,"BENDER"
84,"KERR"
84,"MONRONEY"
84,"MORSE"
84,"NEUBERGER"
84,"MARTIN, E"
84,"DUFF"
84,"PASTORE"
84,"GREEN"
84,"JOHNSTON"
84,"THURMOND"
84,"WOFFORD"
84,"MUNDT"
84,"CASE, F."
84,"GORE"
84,"KEFAUVER"
84,"DANIEL"
84,"JOHNSON,"
84,"WATKINS"
84,"BENNETT"
84,"AIKEN"
84,"FLANDERS"
84,"ROBERTSON"
84,"BYRD"
84,"JACKSON"
84,"MAGNUSON"
84,"NEELY"
84,"KILGORE"
84,"LAIRD"
84,"MCCARTHY"
84,"WILEY"
84,"BARRETT"
84,"O'MAHONEY"
85,"EISENHOWE"
85,"SPARKMAN"
85,"HILL"
85,"GOLDWATER"
85,"HAYDEN"
85,"MCCLELLAN"
85,"FULBRIGHT"
85,"KUCHEL"
85,"KNOWLAND"
85,"CARROLL"
85,"ALLOTT"
85,"BUSH"
85,"PURTELL"
85,"FREAR"
85,"WILLIAMS,"
85,"HOLLAND"
85,"SMATHERS"
85,"RUSSELL,"
85,"TALMADGE"
85,"CHURCH"
85,"DWORSHAK"
85,"DIRKSEN"
85,"DOUGLAS"
85,"JENNER"
85,"CAPEHART"
85,"HICKENLOO"
85,"MARTIN, T"
85,"SCHOEPPEL"
85,"CARLSON"
85,"MORTON"
85,"COOPER"
85,"ELLENDER"
85,"LONG, R."
85,"PAYNE"
85,"SMITH, M."
85,"BEALL"
85,"BUTLER"
85,"SALTONSTA"
85,"KENNEDY"
85,"MCNAMARA"
85,"POTTER"
85,"THYE"
85,"HUMPHREY"
85,"STENNIS"
85,"EASTLAND"
85,"HENNINGS"
85,"SYMINGTON"
85,"MURRAY"
85,"MANSFIELD"
85,"HRUSKA"
85,"CURTIS"
85,"MALONE"
85,"BIBLE"
85,"BRIDGES"
85,"COTTON"
85,"CASE, C."
85,"SMITH, H."
85,"ANDERSON"
85,"CHAVEZ"
85,"IVES"
85,"JAVITS"
85,"ERVIN"
85,"SCOTT"
85,"JORDAN"
85,"YOUNG, M."
85,"LANGER"
85,"LAUSCHE"
85,"BRICKER"
85,"MONRONEY"
85,"KERR"
85,"NEUBERGER"
85,"MORSE"
85,"MARTIN, E"
85,"CLARK, J."
85,"GREEN"
85,"PASTORE"
85,"JOHNSTON"
85,"THURMOND"
85,"MUNDT"
85,"CASE, F."
85,"KEFAUVER"
85,"GORE"
85,"JOHNSON,"
85,"DANIEL"
85,"BLAKLEY"
85,"YARBOROUG"
85,"BENNETT"
85,"WATKINS"
85,"FLANDERS"
85,"AIKEN"
85,"BYRD"
85,"ROBERTSON"
85,"JACKSON"
85,"MAGNUSON"
85,"REVERCOMB"
85,"NEELY"
85,"HOBLITZEL"
85,"WILEY"
85,"MCCARTHY"
85,"PROXMIRE"
85,"O'MAHONEY"
85,"BARRETT"
86,"EISENHOWE"
86,"HILL"
86,"SPARKMAN"
86,"GRUENING"
86,"BARTLETT"
86,"GOLDWATER"
86,"HAYDEN"
86,"MCCLELLAN"
86,"FULBRIGHT"
86,"ENGLE"
86,"KUCHEL"
86,"CARROLL"
86,"ALLOTT"
86,"DODD"
86,"BUSH"
86,"FREAR"
86,"WILLIAMS,"
86,"HOLLAND"
86,"SMATHERS"
86,"TALMADGE"
86,"RUSSELL"
86,"LONG, O."
86,"FONG"
86,"DWORSHAK"
86,"CHURCH"
86,"DOUGLAS"
86,"DIRKSEN"
86,"HARTKE"
86,"CAPEHART"
86,"HICKENLOO"
86,"MARTIN, T"
86,"SCHOEPPEL"
86,"CARLSON"
86,"MORTON"
86,"COOPER"
86,"ELLENDER"
86,"LONG"
86,"MUSKIE"
86,"SMITH, M."
86,"BUTLER"
86,"BEALL"
86,"KENNEDY"
86,"SALTONSTA"
86,"MCNAMARA"
86,"HART"
86,"MCCARTHY"
86,"HUMPHREY"
86,"EASTLAND"
86,"STENNIS"
86,"HENNINGS"
86,"SYMINGTON"
86,"MANSFIELD"
86,"MURRAY"
86,"CURTIS"
86,"HRUSKA"
86,"CANNON"
86,"BIBLE"
86,"COTTON"
86,"BRIDGES"
86,"WILLIAMS,"
86,"CASE, C."
86,"ANDERSON"
86,"CHAVEZ"
86,"JAVITS"
86,"KEATING"
86,"ERVIN"
86,"JORDAN"
86,"YOUNG, M."
86,"LANGER"
86,"BRUNSDALE"
86,"BURDICK"
86,"YOUNG, S."
86,"LAUSCHE"
86,"MONRONEY"
86,"KERR"
86,"MORSE"
86,"NEUBERGER"
86,"LUSK"
86,"SCOTT"
86,"CLARK, J."
86,"PASTORE"
86,"GREEN"
86,"THURMOND"
86,"JOHNSTON"
86,"CASE, F."
86,"MUNDT"
86,"KEFAUVER"
86,"GORE"
86,"JOHNSON"
86,"YARBOROUG"
86,"MOSS"
86,"BENNETT"
86,"PROUTY"
86,"AIKEN"
86,"BYRD"
86,"ROBERTSON"
86,"JACKSON"
86,"MAGNUSON"
86,"RANDOLPH"
86,"BYRD"
86,"WILEY"
86,"PROXMIRE"
86,"O'MAHONEY"
86,"MCGEE"
87,"KENNEDY"
87,"HILL"
87,"SPARKMAN"
87,"GRUENING"
87,"BARTLETT"
87,"GOLDWATER"
87,"HAYDEN"
87,"FULBRIGHT"
87,"MCCLELLAN"
87,"ENGLE"
87,"KUCHEL"
87,"CARROLL"
87,"ALLOTT"
87,"DODD"
87,"BUSH"
87,"BOGGS"
87,"WILLIAMS,"
87,"HOLLAND"
87,"SMATHERS"
87,"TALMADGE"
87,"RUSSELL,"
87,"LONG, O."
87,"FONG"
87,"CHURCH"
87,"DWORSHAK"
87,"JORDAN, L"
87,"DOUGLAS"
87,"DIRKSEN"
87,"HARTKE"
87,"CAPEHART"
87,"HICKENLOO"
87,"MILLER"
87,"CARLSON"
87,"SCHOEPPEL"
87,"PEARSON"
87,"MORTON"
87,"COOPER"
87,"ELLENDER"
87,"LONG, R."
87,"SMITH, M."
87,"MUSKIE"
87,"BEALL"
87,"BUTLER, J"
87,"SALTONSTA"
87,"SMITH, B."
87,"HART"
87,"MCNAMARA"
87,"HUMPHREY"
87,"MCCARTHY"
87,"EASTLAND"
87,"STENNIS"
87,"SYMINGTON"
87,"LONG, E."
87,"METCALF"
87,"MANSFIELD"
87,"CURTIS"
87,"HRUSKA"
87,"CANNON"
87,"BIBLE"
87,"COTTON"
87,"BRIDGES"
87,"MURPHEY,J"
87,"WILLIAMS,"
87,"CASE"
87,"ANDERSON"
87,"CHAVEZ"
87,"JAVITS"
87,"KEATING"
87,"ERVIN"
87,"JORDAN, B"
87,"BURDICK"
87,"YOUNG, M."
87,"YOUNG, S."
87,"LAUSCHE"
87,"KERR"
87,"MONRONEY"
87,"MORSE"
87,"NEUBERGER"
87,"CLARK, J."
87,"SCOTT"
87,"PASTORE"
87,"PELL"
87,"JOHNSTON"
87,"THURMOND"
87,"MUNDT"
87,"CASE"
87,"BOTTUM"
87,"KEFAUVER"
87,"GORE"
87,"YARBOROUG"
87,"BLAKLEY"
87,"TOWER"
87,"BENNETT"
87,"MOSS"
87,"PROUTY"
87,"AIKEN"
87,"BYRD, H."
87,"ROBERTSON"
87,"JACKSON"
87,"MAGNUSON"
87,"BYRD, R."
87,"RANDOLPH"
87,"PROXMIRE"
87,"WILEY"
87,"HICKEY"
87,"MCGEE"
88,"KENNEDY"
88,"JOHNSON"
88,"HILL"
88,"SPARKMAN"
88,"GRUENING"
88,"BARTLETT"
88,"GOLDWATER"
88,"HAYDEN"
88,"FULBRIGHT"
88,"MCCLELLAN"
88,"KUCHEL"
88,"ENGLE"
88,"SALINGER"
88,"ALLOTT"
88,"DOMINICK"
88,"RIBICOFF"
88,"DODD"
88,"BOGGS"
88,"WILLIAMS,"
88,"HOLLAND"
88,"SMATHERS"
88,"RUSSELL"
88,"TALMADGE"
88,"INOUYE"
88,"FONG"
88,"JORDAN, L"
88,"CHURCH"
88,"DOUGLAS"
88,"DIRKSEN"
88,"BAYH"
88,"HARTKE"
88,"MILLER"
88,"HICKENLOO"
88,"PEARSON"
88,"CARLSON"
88,"MORTON"
88,"COOPER"
88,"LONG, R."
88,"ELLENDER"
88,"MUSKIE"
88,"SMITH, M."
88,"BREWSTER"
88,"BEALL"
88,"KENNEDY,"
88,"SALTONSTA"
88,"HART"
88,"MCNAMARA"
88,"HUMPHREY"
88,"MCCARTHY"
88,"EASTLAND"
88,"STENNIS"
88,"LONG, E."
88,"SYMINGTON"
88,"METCALF"
88,"MANSFIELD"
88,"HRUSKA"
88,"CURTIS"
88,"CANNON"
88,"BIBLE"
88,"MCINTYRE"
88,"COTTON"
88,"WILLIAMS,"
88,"CASE"
88,"ANDERSON"
88,"MECHEM"
88,"JAVITS"
88,"KEATING"
88,"ERVIN"
88,"JORDAN, B"
88,"BURDICK"
88,"YOUNG, M."
88,"LAUSCHE"
88,"YOUNG"
88,"MONRONEY"
88,"EDMONDSON"
88,"MORSE"
88,"NEUBERGER"
88,"SCOTT"
88,"CLARK"
88,"PASTORE"
88,"PELL"
88,"THURMOND"
88,"JOHNSTON"
88,"MCGOVERN"
88,"MUNDT"
88,"GORE"
88,"KEFAUVER"
88,"WALTERS"
88,"YARBOROUG"
88,"TOWER"
88,"BENNETT"
88,"MOSS"
88,"AIKEN"
88,"PROUTY"
88,"ROBERTSON"
88,"BYRD, H."
88,"MAGNUSON"
88,"JACKSON"
88,"BYRD, R."
88,"RANDOLPH"
88,"NELSON"
88,"PROXMIRE"
88,"SIMPSON"
88,"MCGEE"
89,"JOHNSON"
89,"HILL"
89,"SPARKMAN"
89,"GRUENING"
89,"BARTLETT"
89,"HAYDEN"
89,"FANNIN"
89,"FULBRIGHT"
89,"MCCLELLAN"
89,"KUCHEL"
89,"MURPHY"
89,"ALLOTT"
89,"DOMINICK"
89,"RIBICOFF"
89,"DODD"
89,"BOGGS"
89,"WILLIAMS,"
89,"HOLLAND"
89,"SMATHERS"
89,"RUSSELL,"
89,"TALMADGE"
89,"FONG"
89,"INOUYE"
89,"CHURCH"
89,"JORDAN, L"
89,"DIRKSEN"
89,"DOUGLAS"
89,"HARTKE"
89,"BAYH"
89,"MILLER"
89,"HICKENLOO"
89,"CARLSON"
89,"PEARSON"
89,"COOPER"
89,"MORTON"
89,"ELLENDER"
89,"LONG, R."
89,"SMITH"
89,"MUSKIE"
89,"TYDINGS"
89,"BREWSTER"
89,"KENNEDY,"
89,"SALTONSTA"
89,"HART"
89,"MCNAMARA"
89,"GRIFFIN"
89,"MCCARTHY"
89,"MONDALE"
89,"EASTLAND"
89,"STENNIS"
89,"SYMINGTON"
89,"LONG, E."
89,"METCALF"
89,"MANSFIELD"
89,"HRUSKA"
89,"CURTIS"
89,"CANNON"
89,"BIBLE"
89,"COTTON"
89,"MCINTYRE"
89,"CASE"
89,"WILLIAMS,"
89,"MONTOYA"
89,"ANDERSON"
89,"KENNEDY,"
89,"JAVITS"
89,"ERVIN"
89,"JORDAN, B"
89,"BURDICK"
89,"YOUNG, M."
89,"LAUSCHE"
89,"YOUNG, S."
89,"MONRONEY"
89,"HARRIS"
89,"MORSE"
89,"NEUBERGER"
89,"SCOTT"
89,"CLARK"
89,"PASTORE"
89,"PELL"
89,"THURMOND"
89,"JOHNSTON"
89,"RUSSELL,"
89,"MCGOVERN"
89,"MUNDT"
89,"GORE"
89,"BASS"
89,"YARBOROUG"
89,"TOWER"
89,"BENNETT"
89,"MOSS"
89,"AIKEN"
89,"PROUTY"
89,"ROBERTSON"
89,"BYRD, H."
89,"BYRD"
89,"JACKSON"
89,"MAGNUSON"
89,"BYRD, R."
89,"RANDOLPH"
89,"NELSON"
89,"PROXMIRE"
89,"SIMPSON"
89,"MCGEE"
90,"JOHNSON"
90,"SPARKMAN"
90,"HILL"
90,"GRUENING"
90,"BARTLETT"
90,"HAYDEN"
90,"FANNIN"
90,"FULBRIGHT"
90,"MCCLELLAN"
90,"KUCHEL"
90,"MURPHY"
90,"DOMINICK"
90,"ALLOTT"
90,"DODD"
90,"RIBICOFF"
90,"BOGGS"
90,"WILLIAMS,"
90,"SMATHERS"
90,"HOLLAND"
90,"RUSSELL"
90,"TALMADGE"
90,"FONG"
90,"INOUYE"
90,"CHURCH"
90,"JORDAN, L"
90,"DIRKSEN"
90,"PERCY"
90,"HARTKE"
90,"BAYH"
90,"MILLER"
90,"HICKENLOO"
90,"CARLSON"
90,"PEARSON"
90,"COOPER"
90,"MORTON"
90,"ELLENDER"
90,"LONG, R."
90,"MUSKIE"
90,"SMITH"
90,"BREWSTER"
90,"TYDINGS"
90,"BROOKE"
90,"KENNEDY,"
90,"GRIFFIN"
90,"HART"
90,"MONDALE"
90,"MCCARTHY"
90,"STENNIS"
90,"EASTLAND"
90,"SYMINGTON"
90,"LONG, E."
90,"METCALF"
90,"MANSFIELD"
90,"CURTIS"
90,"HRUSKA"
90,"BIBLE"
90,"CANNON"
90,"MCINTYRE"
90,"COTTON"
90,"CASE"
90,"WILLIAMS,"
90,"ANDERSON"
90,"MONTOYA"
90,"JAVITS"
90,"GOODELL"
90,"KENNEDY,"
90,"JORDAN, B"
90,"ERVIN"
90,"YOUNG, M."
90,"BURDICK"
90,"YOUNG, S."
90,"LAUSCHE"
90,"MONRONEY"
90,"HARRIS"
90,"MORSE"
90,"HATFIELD"
90,"SCOTT"
90,"CLARK"
90,"PASTORE"
90,"PELL"
90,"HOLLINGS"
90,"THURMOND"
90,"MCGOVERN"
90,"MUNDT"
90,"BAKER"
90,"GORE"
90,"YARBOROUG"
90,"TOWER"
90,"BENNETT"
90,"MOSS"
90,"PROUTY"
90,"AIKEN"
90,"SPONG"
90,"BYRD, H."
90,"MAGNUSON"
90,"JACKSON"
90,"RANDOLPH"
90,"BYRD, R."
90,"PROXMIRE"
90,"NELSON"
90,"HANSEN"
90,"MCGEE"
91,"NIXON"
91,"SPARKMAN"
91,"ALLEN"
91,"GRAVEL"
91,"STEVENS"
91,"GOLDWATER"
91,"FANNIN"
91,"MCCLELLAN"
91,"FULBRIGHT"
91,"MURPHY"
91,"CRANSTON"
91,"ALLOTT"
91,"DOMINICK"
91,"RIBICOFF"
91,"DODD"
91,"BOGGS"
91,"WILLIAMS,"
91,"GURNEY"
91,"HOLLAND"
91,"RUSSELL"
91,"TALMADGE"
91,"INOUYE"
91,"FONG"
91,"JORDAN,L."
91,"CHURCH"
91,"DIRKSEN"
91,"PERCY"
91,"SMITH"
91,"STEVENSON"
91,"BAYH"
91,"HARTKE"
91,"HUGHES"
91,"MILLER"
91,"PEARSON"
91,"DOLE"
91,"COOPER"
91,"COOK"
91,"LONG"
91,"ELLENDER"
91,"SMITH"
91,"MUSKIE"
91,"MATHIAS"
91,"TYDINGS"
91,"KENNEDY"
91,"BROOKE"
91,"GRIFFIN"
91,"HART"
91,"MCCARTHY"
91,"MONDALE"
91,"STENNIS"
91,"EASTLAND"
91,"EAGLETON"
91,"SYMINGTON"
91,"MANSFIELD"
91,"METCALF"
91,"HRUSKA"
91,"CURTIS"
91,"CANNON"
91,"BIBLE"
91,"COTTON"
91,"MCINTYRE"
91,"WILLIAMS,"
91,"CASE"
91,"ANDERSON"
91,"MONTOYA"
91,"JAVITS"
91,"GOODELL"
91,"ERVIN"
91,"JORDAN"
91,"BURDICK"
91,"YOUNG, M."
91,"SAXBE"
91,"YOUNG, S."
91,"HARRIS"
91,"BELLMON"
91,"PACKWOOD"
91,"HATFIELD"
91,"SCHWEIKER"
91,"SCOTT"
91,"PASTORE"
91,"PELL"
91,"HOLLINGS"
91,"THURMOND"
91,"MUNDT"
91,"MCGOVERN"
91,"BAKER"
91,"GORE"
91,"YARBOROUG"
91,"TOWER"
91,"MOSS"
91,"BENNETT"
91,"PROUTY"
91,"AIKEN"
91,"BYRD, H."
91,"SPONG"
91,"MAGNUSON"
91,"JACKSON"
91,"RANDOLPH"
91,"BYRD, R."
91,"PROXMIRE"
91,"NELSON"
91,"HANSEN"
91,"MCGEE"
92,"NIXON"
92,"SPARKMAN"
92,"ALLEN J"
92,"GRAVEL M"
92,"STEVENS T"
92,"FANNIN P"
92,"GOLDWATER"
92,"MCCLELLAN"
92,"FULBRIGHT"
92,"TUNNEY J"
92,"CRANSTON"
92,"ALLOTT G"
92,"DOMINICK"
92,"RIBICOFF"
92,"WEICKER L"
92,"BOGGS J"
92,"ROTH W"
92,"GURNEY E"
92,"CHILES L"
92,"TALMADGE"
92,"RUSSELL R"
92,"GAMBRELL"
92,"FONG H"
92,"INOUYE D"
92,"JORDAN L"
92,"CHURCH F"
92,"STEVENSON"
92,"PERCY C"
92,"HARTKE V"
92,"BAYH B"
92,"MILLER J"
92,"HUGHES H"
92,"DOLE R"
92,"PEARSON J"
92,"COOK M"
92,"COOPER J"
92,"ELLENDER"
92,"LONG R"
92,"EDWARDS E"
92,"SMITH M"
92,"MUSKIE E"
92,"BEALL G"
92,"MATHIAS C"
92,"BROOKE E"
92,"KENNEDY E"
92,"HART P"
92,"GRIFFIN R"
92,"MONDALE W"
92,"HUMPHREY"
92,"STENNIS J"
92,"EASTLAND"
92,"EAGLETON"
92,"SYMINGTON"
92,"METCALF L"
92,"MANSFIELD"
92,"HRUSKA R"
92,"CURTIS C"
92,"CANNON H"
92,"BIBLE A"
92,"MCINTYRE"
92,"COTTON N"
92,"CASE C"
92,"WILLIAMS"
92,"ANDERSON"
92,"MONTOYA J"
92,"JAVITS J"
92,"BUCKLEY J"
92,"ERVIN S"
92,"JORDAN B"
92,"BURDICK Q"
92,"YOUNG M"
92,"SAXBE W"
92,"TAFT R"
92,"BELLMON H"
92,"HARRIS F"
92,"HATFIELD"
92,"PACKWOOD"
92,"SCHWEIKER"
92,"SCOTT H"
92,"PASTORE J"
92,"PELL C"
92,"HOLLINGS"
92,"THURMOND"
92,"MCGOVERN"
92,"MUNDT K"
92,"BROCK W"
92,"BAKER H"
92,"TOWER J"
92,"BENTSEN L"
92,"MOSS F"
92,"BENNETT W"
92,"AIKEN G"
92,"PROUTY W"
92,"STAFFORD"
92,"SPONG W"
92,"BYRD, H."
92,"MAGNUSON"
92,"JACKSON H"
92,"RANDOLPH"
92,"BYRD, R."
92,"NELSON G"
92,"PROXMIRE"
92,"HANSEN C"
92,"MCGEE G"
93,"NIXON"
93,"FORD"
93,"SPARKMAN"
93,"ALLEN J"
93,"GRAVEL M"
93,"STEVENS T"
93,"GOLDWATER"
93,"FANNIN P"
93,"MCCLELLAN"
93,"FULBRIGHT"
93,"TUNNEY J"
93,"CRANSTON"
93,"HASKELL F"
93,"DOMINICK"
93,"WEICKER L"
93,"RIBICOFF"
93,"BIDEN J"
93,"ROTH W"
93,"GURNEY E"
93,"CHILES L"
93,"TALMADGE"
93,"NUNN S"
93,"FONG H"
93,"INOUYE D"
93,"MCCLURE J"
93,"CHURCH F"
93,"STEVENSON"
93,"PERCY C"
93,"BAYH B"
93,"HARTKE V"
93,"HUGHES H"
93,"CLARK D"
93,"PEARSON J"
93,"DOLE R"
93,"HUDDLESTO"
93,"COOK M"
93,"LONG R"
93,"JOHNSTON"
93,"MUSKIE E"
93,"HATHAWAY"
93,"BEALL G"
93,"MATHIAS C"
93,"KENNEDY E"
93,"BROOKE E"
93,"GRIFFIN R"
93,"HART P"
93,"MONDALE W"
93,"HUMPHREY"
93,"STENNIS J"
93,"EASTLAND"
93,"EAGLETON"
93,"SYMINGTON"
93,"METCALF L"
93,"MANSFIELD"
93,"HRUSKA R"
93,"CURTIS C"
93,"CANNON H"
93,"BIBLE A"
93,"LAXALT"
93,"COTTON N"
93,"MCINTYRE"
93,"CASE C"
93,"WILLIAMS"
93,"DOMENICI"
93,"MONTOYA J"
93,"JAVITS J"
93,"BUCKLEY J"
93,"ERVIN S"
93,"HELMS J"
93,"BURDICK Q"
93,"YOUNG M"
93,"TAFT R"
93,"SAXBE W"
93,"METZENBAU"
93,"BARTLETT"
93,"BELLMON H"
93,"PACKWOOD"
93,"HATFIELD"
93,"SCOTT H"
93,"SCHWEIKER"
93,"PELL C"
93,"PASTORE J"
93,"THURMOND"
93,"HOLLINGS"
93,"ABOUREZK"
93,"MCGOVERN"
93,"BAKER H"
93,"BROCK B"
93,"TOWER J"
93,"BENTSEN L"
93,"MOSS F"
93,"BENNETT W"
93,"STAFFORD"
93,"AIKEN G"
93,"SCOTT W"
93,"BYRD H"
93,"MAGNUSON"
93,"JACKSON H"
93,"BYRD R"
93,"RANDOLPH"
93,"PROXMIRE"
93,"NELSON G"
93,"MCGEE G"
93,"HANSEN C"
94,"FORD"
94,"SPARKMAN"
94,"ALLEN"
94,"GRAVEL"
94,"STEVENS"
94,"FANNIN"
94,"GOLDWATER"
94,"MCCLELLAN"
94,"BUMPERS"
94,"CRANSTON"
94,"TUNNEY"
94,"HASKELL"
94,"HART, G"
94,"WEICKER"
94,"RIBICOFF"
94,"BIDEN"
94,"ROTH"
94,"STONE"
94,"CHILES"
94,"TALMADGE"
94,"NUNN"
94,"INOUYE"
94,"FONG"
94,"MCCLURE"
94,"CHURCH"
94,"STEVENSON"
94,"PERCY"
94,"BAYH"
94,"HARTKE"
94,"CLARK"
94,"CULVER"
94,"DOLE"
94,"PEARSON"
94,"HUDDLESTO"
94,"FORD"
94,"JOHNSTON"
94,"LONG"
94,"MUSKIE"
94,"HATHAWAY"
94,"BEALL"
94,"MATHIAS"
94,"KENNEDY"
94,"BROOKE"
94,"HART, P"
94,"GRIFFIN"
94,"MONDALE"
94,"HUMPHREY"
94,"EASTLAND"
94,"STENNIS"
94,"EAGLETON"
94,"SYMINGTON"
94,"METCALF"
94,"MANSFIELD"
94,"CURTIS"
94,"HRUSKA"
94,"CANNON"
94,"LAXALT"
94,"MCINTYRE"
94,"COTTON"
94,"DURKIN"
94,"CASE"
94,"WILLIAMS"
94,"DOMENICI"
94,"MONTOYA"
94,"JAVITS"
94,"BUCKLEY"
94,"MORGAN"
94,"HELMS"
94,"BURDICK"
94,"YOUNG"
94,"GLENN"
94,"TAFT"
94,"BELLMON"
94,"BARTLETT"
94,"HATFIELD"
94,"PACKWOOD"
94,"SCOTT, H"
94,"SCHWEIKER"
94,"PELL"
94,"PASTORE"
94,"THURMOND"
94,"HOLLINGS"
94,"ABOUREZK"
94,"MCGOVERN"
94,"BAKER"
94,"BROCK"
94,"BENTSEN"
94,"TOWER"
94,"MOSS"
94,"GARN"
94,"STAFFORD"
94,"LEAHY"
94,"BYRD,H F"
94,"SCOTT, W"
94,"MAGNUSON"
94,"JACKSON"
94,"RANDOLPH"
94,"BYRD,R C"
94,"NELSON"
94,"PROXMIRE"
94,"HANSEN"
94,"MCGEE"
95,"CARTER"
95,"SPARKMAN"
95,"ALLEN, J."
95,"ALLEN, M."
95,"STEVENS"
95,"GRAVEL"
95,"DECONCINI"
95,"GOLDWATER"
95,"BUMPERS"
95,"MCCLELLAN"
95,"HODGES"
95,"CRANSTON"
95,"HAYAKAWA"
95,"HART"
95,"HASKELL"
95,"WEICKER"
95,"RIBICOFF"
95,"ROTH"
95,"BIDEN"
95,"STONE"
95,"CHILES"
95,"TALMADGE"
95,"NUNN"
95,"MATSUNAGA"
95,"INOUYE"
95,"CHURCH"
95,"MCCLURE"
95,"STEVENSON"
95,"PERCY"
95,"LUGAR"
95,"BAYH"
95,"CULVER"
95,"CLARK"
95,"PEARSON"
95,"DOLE"
95,"HUDDLESTO"
95,"FORD"
95,"LONG"
95,"JOHNSTON"
95,"HATHAWAY"
95,"MUSKIE"
95,"SARBANES"
95,"MATHIAS"
95,"KENNEDY"
95,"BROOKE"
95,"GRIFFIN"
95,"RIEGLE"
95,"HUMPHREY,"
95,"HUMPHREY,"
95,"ANDERSON"
95,"EASTLAND"
95,"STENNIS"
95,"DANFORTH"
95,"EAGLETON"
95,"MELCHER"
95,"METCALF"
95,"HATFIELD,"
95,"ZORINSKY"
95,"CURTIS"
95,"CANNON"
95,"LAXALT"
95,"DURKIN"
95,"MCINTYRE"
95,"CASE"
95,"WILLIAMS"
95,"SCHMITT"
95,"DOMENICI"
95,"JAVITS"
95,"MOYNIHAN"
95,"HELMS"
95,"MORGAN"
95,"BURDICK"
95,"YOUNG"
95,"METZENBAU"
95,"GLENN"
95,"BELLMON"
95,"BARTLETT"
95,"HATFIELD,"
95,"PACKWOOD"
95,"HEINZ"
95,"SCHWEIKER"
95,"CHAFEE"
95,"PELL"
95,"THURMOND"
95,"HOLLINGS"
95,"MCGOVERN"
95,"ABOUREZK"
95,"SASSER"
95,"BAKER"
95,"TOWER"
95,"BENTSEN"
95,"GARN"
95,"HATCH"
95,"STAFFORD"
95,"LEAHY"
95,"BYRD, H"
95,"SCOTT"
95,"MAGNUSON"
95,"JACKSON"
95,"BYRD, R"
95,"RANDOLPH"
95,"NELSON"
95,"PROXMIRE"
95,"WALLOP"
95,"HANSEN"
96,"CARTER"
96,"HEFLIN, H"
96,"STEWART,"
96,"GRAVEL, M"
96,"STEVENS,"
96,"DECONCINI"
96,"GOLDWATER"
96,"PRYOR, D"
96,"BUMPERS,"
96,"HAYAKAWA,"
96,"CRANSTON,"
96,"HART, G"
96,"ARMSTRONG"
96,"WEICKER,"
96,"RIBICOFF,"
96,"BIDEN, J"
96,"ROTH, W"
96,"CHILES, L"
96,"STONE, R"
96,"TALMADGE,"
96,"NUNN, S"
96,"INOUYE, D"
96,"MATSUNAGA"
96,"CHURCH, F"
96,"MCCLURE,"
96,"STEVENSON"
96,"PERCY, C"
96,"BAYH, B"
96,"LUGAR, R"
96,"JEPSEN, R"
96,"CULVER, J"
96,"DOLE, R"
96,"KASSEBAUM"
96,"FORD, W"
96,"HUDDLESTO"
96,"LONG, R"
96,"JOHNSTON,"
96,"COHEN, W"
96,"MUSKIE, E"
96,"MITCHELL,"
96,"SARBANES,"
96,"MATHIAS,"
96,"TSONGAS,"
96,"KENNEDY,"
96,"LEVIN, C"
96,"RIEGLE, D"
96,"DURENBERG"
96,"BOSCHWITZ"
96,"COCHRAN,"
96,"STENNIS,"
96,"EAGLETON,"
96,"DANFORTH,"
96,"MELCHER,"
96,"BAUCUS, M"
96,"EXON, J"
96,"ZORINSKY,"
96,"LAXALT, P"
96,"CANNON, H"
96,"DURKIN, J"
96,"HUMPHREY,"
96,"WILLIAMS,"
96,"BRADLEY,"
96,"SCHMITT,"
96,"DOMENICI,"
96,"JAVITS, J"
96,"MOYNIHAN,"
96,"HELMS, J"
96,"MORGAN, R"
96,"YOUNG, M"
96,"BURDICK,"
96,"GLENN, J"
96,"METZENBAU"
96,"BELLMON,"
96,"BOREN, D"
96,"PACKWOOD,"
96,"HATFIELD,"
96,"HEINZ, J"
96,"SCHWEIKER"
96,"PELL, C"
96,"CHAFEE, J"
96,"HOLLINGS,"
96,"THURMOND,"
96,"MCGOVERN,"
96,"PRESSLER,"
96,"SASSER, J"
96,"BAKER, H"
96,"BENTSEN,"
96,"TOWER, J"
96,"HATCH, O"
96,"GARN, J"
96,"LEAHY, P"
96,"STAFFORD,"
96,"WARNER, J"
96,"BYRD, HF"
96,"MAGNUSON,"
96,"JACKSON,"
96,"RANDOLPH,"
96,"BYRD, RC"
96,"NELSON, G"
96,"PROXMIRE,"
96,"WALLOP, M"
96,"SIMPSON,"
97,"REAGAN"
97,"HEFLIN, H"
97,"DENTON, J"
97,"STEVENS,"
97,"MURKOWSKI"
97,"GOLDWATER"
97,"DECONCINI"
97,"PRYOR, D"
97,"BUMPERS,"
97,"HAYAKAWA,"
97,"CRANSTON,"
97,"HART, G"
97,"ARMSTRONG"
97,"DODD, C J"
97,"WEICKER,"
97,"BIDEN, J"
97,"ROTH, W"
97,"CHILES, L"
97,"HAWKINS,"
97,"NUNN, S"
97,"MATTINGLY"
97,"INOUYE, D"
97,"MATSUNAGA"
97,"MCCLURE,"
97,"SYMMS, S"
97,"PERCY, C"
97,"DIXON, A"
97,"QUAYLE, J"
97,"LUGAR, R"
97,"GRASSLEY,"
97,"JEPSEN, R"
97,"DOLE, R"
97,"KASSEBAUM"
97,"FORD, W"
97,"HUDDLESTO"
97,"JOHNSTON,"
97,"LONG, R"
97,"MITCHELL,"
97,"COHEN, W"
97,"MATHIAS,"
97,"SARBANES,"
97,"KENNEDY,"
97,"TSONGAS,"
97,"LEVIN, C"
97,"RIEGLE, D"
97,"BOSCHWITZ"
97,"DURENBERG"
97,"COCHRAN,"
97,"STENNIS,"
97,"DANFORTH,"
97,"EAGLETON,"
97,"BAUCUS, M"
97,"MELCHER,"
97,"EXON, J"
97,"ZORINSKY,"
97,"CANNON, H"
97,"LAXALT, P"
97,"RUDMAN, W"
97,"HUMPHREY,"
97,"WILLIAMS,"
97,"BRADLEY,"
97,"BRADY, N"
97,"DOMENICI,"
97,"SCHMITT,"
97,"DAMATO, A"
97,"MOYNIHAN,"
97,"EAST, J"
97,"HELMS, J"
97,"ANDREWS,"
97,"BURDICK,"
97,"METZENBAU"
97,"GLENN, J"
97,"NICKLES,"
97,"BOREN, D"
97,"HATFIELD,"
97,"PACKWOOD,"
97,"SPECTER,"
97,"HEINZ, J"
97,"PELL, C"
97,"CHAFEE, J"
97,"THURMOND,"
97,"HOLLINGS,"
97,"PRESSLER,"
97,"ABDNOR, J"
97,"BAKER, H"
97,"SASSER, J"
97,"BENTSEN,"
97,"TOWER, J"
97,"HATCH, O"
97,"GARN, J"
97,"STAFFORD,"
97,"LEAHY, P"
97,"BYRD, HF"
97,"WARNER, J"
97,"JACKSON,"
97,"GORTON, S"
97,"RANDOLPH,"
97,"BYRD, RC"
97,"PROXMIRE,"
97,"KASTEN, R"
97,"WALLOP, M"
97,"SIMPSON,"
98,"REAGAN"
98,"HEFLIN, H"
98,"DENTON, J"
98,"STEVENS,"
98,"MURKOWSKI"
98,"GOLDWATER"
98,"DECONCINI"
98,"PRYOR, D"
98,"BUMPERS,"
98,"WILSON"
98,"CRANSTON,"
98,"HART, G"
98,"ARMSTRONG"
98,"DODD, C J"
98,"WEICKER,"
98,"BIDEN, J"
98,"ROTH, W"
98,"HAWKINS,"
98,"CHILES, L"
98,"MATTINGLY"
98,"NUNN, S"
98,"INOUYE, D"
98,"MATSUNAGA"
98,"SYMMS, S"
98,"MCCLURE,"
98,"DIXON, A"
98,"PERCY, C"
98,"QUAYLE, J"
98,"LUGAR, R"
98,"GRASSLEY,"
98,"JEPSEN, R"
98,"KASSEBAUM"
98,"DOLE, R"
98,"HUDDLESTO"
98,"FORD, W"
98,"LONG, R"
98,"JOHNSTON,"
98,"COHEN, W"
98,"MITCHELL,"
98,"SARBANES,"
98,"MATHIAS,"
98,"TSONGAS,"
98,"KENNEDY,"
98,"LEVIN, C"
98,"RIEGLE, D"
98,"BOSCHWITZ"
98,"DURENBERG"
98,"COCHRAN,"
98,"STENNIS,"
98,"EAGLETON,"
98,"DANFORTH,"
98,"BAUCUS, M"
98,"MELCHER,"
98,"ZORINSKY,"
98,"EXON, J"
98,"HECHT"
98,"LAXALT, P"
98,"RUDMAN, W"
98,"HUMPHREY,"
98,"BRADLEY,"
98,"LAUTENBER"
98,"BINGAMAN"
98,"DOMENICI,"
98,"MOYNIHAN,"
98,"DAMATO, A"
98,"EAST, J"
98,"HELMS, J"
98,"BURDICK,"
98,"ANDREWS,"
98,"GLENN, J"
98,"METZENBAU"
98,"BOREN, D"
98,"NICKLES,"
98,"HATFIELD,"
98,"PACKWOOD,"
98,"SPECTER,"
98,"HEINZ, J"
98,"CHAFEE, J"
98,"PELL, C"
98,"THURMOND,"
98,"HOLLINGS,"
98,"PRESSLER,"
98,"ABDNOR, J"
98,"BAKER, H"
98,"SASSER, J"
98,"BENTSEN,"
98,"TOWER, J"
98,"HATCH, O"
98,"GARN, J"
98,"STAFFORD,"
98,"LEAHY, P"
98,"WARNER, J"
98,"TRIBLE, P"
98,"JACKSON,"
98,"GORTON, S"
98,"EVANS, D"
98,"RANDOLPH,"
98,"BYRD, RC"
98,"KASTEN, R"
98,"PROXMIRE,"
98,"WALLOP, M"
98,"SIMPSON,"
99,"REAGAN"
99,"DENTON, J"
99,"HEFLIN, H"
99,"STEVENS,"
99,"MURKOWSKI"
99,"DECONCINI"
99,"GOLDWATER"
99,"BUMPERS,"
99,"PRYOR, D"
99,"WILSON"
99,"CRANSTON,"
99,"ARMSTRONG"
99,"HART, G"
99,"DODD, C J"
99,"WEICKER,"
99,"BIDEN, J"
99,"ROTH, W"
99,"HAWKINS,"
99,"CHILES, L"
99,"NUNN, S"
99,"MATTINGLY"
99,"INOUYE, D"
99,"MATSUNAGA"
99,"MCCLURE,"
99,"SYMMS, S"
99,"DIXON, A"
99,"SIMON, P"
99,"QUAYLE, J"
99,"LUGAR, R"
99,"HARKIN, T"
99,"GRASSLEY,"
99,"KASSEBAUM"
99,"DOLE, R"
99,"MCCONNELL"
99,"FORD, W"
99,"LONG, R"
99,"JOHNSTON"
99,"MITCHELL,"
99,"COHEN, W"
99,"SARBANES,"
99,"MATHIAS,"
99,"KENNEDY,"
99,"KERRY, J"
99,"LEVIN, C"
99,"RIEGLE, D"
99,"BOSCHWITZ"
99,"DURENBERG"
99,"COCHRAN,"
99,"STENNIS,"
99,"DANFORTH,"
99,"EAGLETON,"
99,"MELCHER,"
99,"BAUCUS, M"
99,"ZORINSKY,"
99,"EXON, J"
99,"LAXALT, P"
99,"HECHT"
99,"HUMPHREY,"
99,"RUDMAN, W"
99,"BRADLEY,"
99,"LAUTENBER"
99,"DOMENICI,"
99,"BINGAMAN"
99,"MOYNIHAN,"
99,"DAMATO, A"
99,"HELMS, J"
99,"EAST, J"
99,"BROYHILL,"
99,"ANDREWS,"
99,"BURDICK,"
99,"GLENN, J"
99,"METZENBAU"
99,"BOREN, D"
99,"NICKLES,"
99,"PACKWOOD,"
99,"HATFIELD,"
99,"SPECTER,"
99,"HEINZ, J"
99,"PELL, C"
99,"CHAFEE, J"
99,"HOLLINGS,"
99,"THURMOND,"
99,"ABDNOR, J"
99,"PRESSLER,"
99,"GORE, A"
99,"SASSER, J"
99,"BENTSEN,"
99,"GRAMM, P"
99,"GARN, J"
99,"HATCH, O"
99,"STAFFORD,"
99,"LEAHY, P"
99,"WARNER, J"
99,"TRIBLE, P"
99,"GORTON, S"
99,"EVANS, D"
99,"BYRD, RC"
99,"ROCKEFELL"
99,"PROXMIRE,"
99,"KASTEN, R"
99,"WALLOP, M"
99,"SIMPSON,"
100,"REAGAN"
100,"SHELBY, R"
100,"HEFLIN, H"
100,"MURKOWSKI"
100,"STEVENS,"
100,"MCCAIN, J"
100,"DECONCINI"
100,"PRYOR, D"
100,"BUMPERS,"
100,"WILSON, P"
100,"CRANSTON,"
100,"ARMSTRONG"
100,"WIRTH, T"
100,"DODD, C J"
100,"WEICKER,"
100,"ROTH, W"
100,"BIDEN, J"
100,"CHILES, L"
100,"GRAHAM, B"
100,"FOWLER, W"
100,"NUNN, S"
100,"MATSUNAGA"
100,"INOUYE, D"
100,"SYMMS, S"
100,"MCCLURE,"
100,"DIXON, A"
100,"SIMON, P"
100,"LUGAR, R"
100,"QUAYLE, J"
100,"GRASSLEY,"
100,"HARKIN, T"
100,"KASSEBAUM"
100,"DOLE, R"
100,"MCCONNELL"
100,"FORD, W"
100,"JOHNSTON"
100,"BREAUX, J"
100,"MITCHELL,"
100,"COHEN, W"
100,"MIKULSKI,"
100,"SARBANES,"
100,"KENNEDY,"
100,"KERRY, J"
100,"RIEGLE, D"
100,"LEVIN, C"
100,"DURENBERG"
100,"BOSCHWITZ"
100,"STENNIS,"
100,"COCHRAN,"
100,"BOND, C"
100,"DANFORTH,"
100,"BAUCUS, M"
100,"MELCHER,"
100,"EXON, J"
100,"ZORINSKY,"
100,"KARNES,D"
100,"HECHT, C"
100,"REID, H"
100,"HUMPHREY,"
100,"RUDMAN, W"
100,"LAUTENBER"
100,"BRADLEY,"
100,"DOMENICI,"
100,"BINGAMAN,"
100,"DAMATO, A"
100,"MOYNIHAN,"
100,"SANFORD,"
100,"HELMS, J"
100,"BURDICK,"
100,"CONRAD, K"
100,"METZENBAU"
100,"GLENN, J"
100,"NICKLES,"
100,"BOREN, D"
100,"PACKWOOD,"
100,"HATFIELD,"
100,"SPECTER,"
100,"HEINZ, J"
100,"PELL, C"
100,"CHAFEE, J"
100,"THURMOND,"
100,"HOLLINGS,"
100,"PRESSLER,"
100,"DASCHLE,"
100,"SASSER, J"
100,"GORE, A"
100,"BENTSEN,"
100,"GRAMM, P"
100,"HATCH, O"
100,"GARN, J"
100,"STAFFORD,"
100,"LEAHY, P"
100,"TRIBLE, P"
100,"WARNER, J"
100,"ADAMS, B"
100,"EVANS, D"
100,"BYRD, RC"
100,"ROCKEFELL"
100,"PROXMIRE,"
100,"KASTEN, R"
100,"WALLOP, M"
100,"SIMPSON,"
101,"BUSH"
101,"SHELBY, R"
101,"HEFLIN, H"
101,"STEVENS,"
101,"MURKOWSKI"
101,"DECONCINI"
101,"MCCAIN, J"
101,"PRYOR, DA"
101,"BUMPERS,"
101,"CRANSTON,"
101,"WILSON, P"
101,"ARMSTRONG"
101,"WIRTH, TI"
101,"DODD, CHR"
101,"LIEBERMAN"
101,"ROTH, WIL"
101,"BIDEN, JO"
101,"MACK, CON"
101,"GRAHAM, B"
101,"NUNN, SAM"
101,"FOWLER, W"
101,"INOUYE, D"
101,"MATSUNAGA"
101,"AKAKA"
101,"MCCLURE,"
101,"SYMMS, ST"
101,"SIMON, PA"
101,"DIXON, AL"
101,"COATS, DA"
101,"LUGAR, RI"
101,"QUAYLE, J"
101,"GRASSLEY,"
101,"HARKIN, T"
101,"DOLE, BOB"
101,"KASSEBAUM"
101,"FORD, WEN"
101,"MCCONNELL"
101,"BREAUX, J"
101,"JOHNSTON,"
101,"COHEN, WI"
101,"MITCHELL,"
101,"SARBANES,"
101,"MIKULSKI,"
101,"KENNEDY,"
101,"KERRY,JOH"
101,"RIEGLE, D"
101,"LEVIN, CA"
101,"BOSCHWITZ"
101,"DURENBERG"
101,"COCHRAN,"
101,"LOTT,TREN"
101,"DANFORTH,"
101,"BOND, CHR"
101,"BAUCUS, M"
101,"BURNS, CO"
101,"EXON, JOH"
101,"KERREY, R"
101,"REID, HAR"
101,"BRYAN, RI"
101,"HUMPHREY,"
101,"RUDMAN, W"
101,"BRADLEY,"
101,"LAUTENBER"
101,"DOMENICI,"
101,"BINGAMAN,"
101,"MOYNIHAN,"
101,"D'AMATO,"
101,"HELMS, JE"
101,"SANFORD,"
101,"BURDICK,"
101,"CONRAD, K"
101,"METZENBAU"
101,"GLENN, JO"
101,"BOREN, DA"
101,"NICKLES,"
101,"HATFIELD,"
101,"PACKWOOD,"
101,"HEINZ, H."
101,"SPECTER,"
101,"PELL, CLA"
101,"CHAFEE, J"
101,"THURMOND,"
101,"HOLLINGS,"
101,"PRESSLER,"
101,"DASCHLE,"
101,"GORE, ALB"
101,"SASSER, J"
101,"BENTSEN,"
101,"GRAMM, WI"
101,"GARN, JAK"
101,"HATCH, OR"
101,"JEFFORDS,"
101,"LEAHY, PA"
101,"WARNER, J"
101,"ROBB, CHA"
101,"ADAMS, BR"
101,"GORTON, S"
101,"BYRD, ROB"
101,"ROCKEFELL"
101,"KASTEN, R"
101,"KOHL, HER"
101,"WALLOP, M"
101,"SIMPSON,"
102,"BUSH"
102,"HEFLIN"
102,"SHELBY"
102,"MURKOWSKI"
102,"STEVENS"
102,"DECONCINI"
102,"MCCAIN"
102,"BUMPERS"
102,"PRYOR"
102,"CRANSTON"
102,"SEYMOUR"
102,"BROWN, HA"
102,"WIRTH"
102,"DODD"
102,"LIEBERMAN"
102,"BIDEN"
102,"ROTH, WIL"
102,"GRAHAM, B"
102,"MACK"
102,"FOWLER"
102,"NUNN"
102,"AKAKA"
102,"INOUYE"
102,"CRAIG"
102,"SYMMS"
102,"DIXON, AL"
102,"SIMON"
102,"COATS"
102,"LUGAR"
102,"GRASSLEY"
102,"HARKIN"
102,"DOLE"
102,"KASSEBAUM"
102,"FORD, WEN"
102,"MCCONNELL"
102,"BREAUX"
102,"JOHNSTON,"
102,"COHEN"
102,"MITCHELL,"
102,"MIKULSKI"
102,"SARBANES"
102,"KENNEDY,"
102,"KERRY, JO"
102,"LEVIN, CA"
102,"RIEGLE"
102,"DURENBERG"
102,"WELLSTONE"
102,"COCHRAN"
102,"LOTT"
102,"BOND"
102,"DANFORTH"
102,"BAUCUS"
102,"BURNS"
102,"EXON"
102,"KERREY, R"
102,"BRYAN, RI"
102,"REID"
102,"RUDMAN"
102,"SMITH, RO"
102,"BRADLEY"
102,"LAUTENBER"
102,"BINGAMAN"
102,"DOMENICI"
102,"D'AMATO"
102,"MOYNIHAN"
102,"HELMS"
102,"SANFORD"
102,"BURDICK"
102,"CONRAD"
102,"BURDICK2"
102,"GLENN"
102,"METZENBAU"
102,"BOREN"
102,"NICKLES,"
102,"HATFIELD"
102,"PACKWOOD"
102,"HEINZ"
102,"WOFFORD"
102,"SPECTER"
102,"CHAFEE"
102,"PELL"
102,"HOLLINGS"
102,"THURMOND"
102,"DASCHLE"
102,"PRESSLER"
102,"GORE"
102,"SASSER"
102,"BENTSEN"
102,"GRAMM, PH"
102,"GARN"
102,"HATCH"
102,"JEFFORDS"
102,"LEAHY"
102,"ROBB"
102,"WARNER"
102,"ADAMS"
102,"GORTON"
102,"BYRD, ROB"
102,"ROCKEFELL"
102,"KASTEN"
102,"KOHL"
102,"SIMPSON"
102,"WALLOP"
103,"CLINTON"
103,"HEFLIN"
103,"SHELBY"
103,"MURKOWSKI"
103,"STEVENS"
103,"DECONCINI"
103,"MCCAIN"
103,"BUMPERS"
103,"PRYOR"
103,"BOXER"
103,"FEINSTEIN"
103,"BROWN, HA"
103,"CAMPBELL"
103,"DODD"
103,"LIEBERMAN"
103,"BIDEN"
103,"ROTH, WIL"
103,"GRAHAM, B"
103,"MACK"
103,"COVERDELL"
103,"NUNN"
103,"AKAKA"
103,"INOUYE"
103,"CRAIG"
103,"KEMPTHORN"
103,"MOSELEY-B"
103,"SIMON"
103,"COATS"
103,"LUGAR"
103,"GRASSLEY"
103,"HARKIN"
103,"DOLE"
103,"KASSEBAUM"
103,"FORD, WEN"
103,"MCCONNELL"
103,"BREAUX"
103,"JOHNSTON,"
103,"COHEN"
103,"MITCHELL,"
103,"MIKULSKI"
103,"SARBANES"
103,"KENNEDY,"
103,"KERRY, JO"
103,"LEVIN, CA"
103,"RIEGLE"
103,"DURENBERG"
103,"WELLSTONE"
103,"COCHRAN"
103,"LOTT"
103,"BOND"
103,"DANFORTH"
103,"BAUCUS"
103,"BURNS"
103,"EXON"
103,"KERREY, R"
103,"BRYAN, RI"
103,"REID"
103,"GREGG"
103,"SMITH, RO"
103,"BRADLEY"
103,"LAUTENBER"
103,"BINGAMAN"
103,"DOMENICI"
103,"D'AMATO"
103,"MOYNIHAN"
103,"FAIRCLOTH"
103,"HELMS"
103,"CONRAD"
103,"DORGAN"
103,"GLENN"
103,"METZENBAU"
103,"BOREN"
103,"NICKLES,"
103,"INHOFE"
103,"HATFIELD"
103,"PACKWOOD"
103,"SPECTER"
103,"WOFFORD"
103,"CHAFEE"
103,"PELL"
103,"HOLLINGS"
103,"THURMOND"
103,"DASCHLE"
103,"PRESSLER"
103,"MATHEWS"
103,"SASSER"
103,"HUTCHISON"
103,"GRAMM, PH"
103,"KRUEGER"
103,"BENNETT"
103,"HATCH"
103,"JEFFORDS"
103,"LEAHY"
103,"ROBB"
103,"WARNER"
103,"GORTON"
103,"MURRAY"
103,"BYRD, ROB"
103,"ROCKEFELL"
103,"FEINGOLD"
103,"KOHL"
103,"SIMPSON"
103,"WALLOP"
104,"CLINTON"
104,"HEFLIN"
104,"SHELBY"
104,"MURKOWSKI"
104,"STEVENS"
104,"KYL"
104,"MCCAIN"
104,"BUMPERS"
104,"PRYOR"
104,"BOXER"
104,"FEINSTEIN"
104,"BROWN, HA"
104,"CAMPBELL"
104,"CAMPBELL"
104,"DODD"
104,"LIEBERMAN"
104,"BIDEN"
104,"ROTH, WIL"
104,"GRAHAM, B"
104,"MACK"
104,"COVERDELL"
104,"NUNN"
104,"AKAKA"
104,"INOUYE"
104,"CRAIG"
104,"KEMPTHORN"
104,"MOSELEY-B"
104,"SIMON"
104,"COATS"
104,"LUGAR"
104,"GRASSLEY"
104,"HARKIN"
104,"DOLE"
104,"FRAHM"
104,"KASSEBAUM"
104,"FORD, WEN"
104,"MCCONNELL"
104,"BREAUX"
104,"JOHNSTON,"
104,"COHEN"
104,"SNOWE"
104,"MIKULSKI"
104,"SARBANES"
104,"KENNEDY,"
104,"KERRY, JO"
104,"ABRAHAM"
104,"LEVIN, CA"
104,"GRAMS"
104,"WELLSTONE"
104,"COCHRAN"
104,"LOTT"
104,"ASHCROFT"
104,"BOND"
104,"BAUCUS"
104,"BURNS"
104,"EXON"
104,"KERREY, B"
104,"BRYAN, RI"
104,"REID"
104,"GREGG"
104,"SMITH, RO"
104,"BRADLEY"
104,"LAUTENBER"
104,"BINGAMAN"
104,"DOMENICI"
104,"D'AMATO"
104,"MOYNIHAN"
104,"FAIRCLOTH"
104,"HELMS"
104,"CONRAD"
104,"DORGAN"
104,"DEWINE"
104,"GLENN"
104,"INHOFE"
104,"NICKLES,"
104,"HATFIELD"
104,"PACKWOOD"
104,"WYDEN"
104,"SANTORUM"
104,"SPECTER"
104,"CHAFEE"
104,"PELL"
104,"HOLLINGS"
104,"THURMOND"
104,"DASCHLE"
104,"PRESSLER"
104,"FRIST"
104,"THOMPSON"
104,"GRAMM, PH"
104,"HUTCHISON"
104,"BENNETT"
104,"HATCH"
104,"JEFFORDS"
104,"LEAHY"
104,"ROBB"
104,"WARNER"
104,"GORTON"
104,"MURRAY"
104,"BYRD, ROB"
104,"ROCKEFELL"
104,"FEINGOLD"
104,"KOHL"
104,"SIMPSON"
104,"THOMAS"
105,"CLINTON"
105,"SESSIONS"
105,"SHELBY"
105,"MURKOWSKI"
105,"STEVENS"
105,"KYL"
105,"MCCAIN"
105,"BUMPERS"
105,"HUTCHINSO"
105,"BOXER"
105,"FEINSTEIN"
105,"ALLARD"
105,"CAMPBELL"
105,"DODD"
105,"LIEBERMAN"
105,"BIDEN"
105,"ROTH, WIL"
105,"GRAHAM, B"
105,"MACK"
105,"CLELAND"
105,"COVERDELL"
105,"AKAKA"
105,"INOUYE"
105,"CRAIG"
105,"KEMPTHORN"
105,"DURBIN"
105,"MOSELEY-B"
105,"COATS"
105,"LUGAR"
105,"GRASSLEY"
105,"HARKIN"
105,"BROWNBACK"
105,"ROBERTS"
105,"FORD, WEN"
105,"MCCONNELL"
105,"BREAUX"
105,"LANDRIEU"
105,"COLLINS"
105,"SNOWE"
105,"MIKULSKI"
105,"SARBANES"
105,"KENNEDY,"
105,"KERRY, JO"
105,"ABRAHAM"
105,"LEVIN, CA"
105,"GRAMS"
105,"WELLSTONE"
105,"COCHRAN"
105,"LOTT"
105,"ASHCROFT"
105,"BOND"
105,"BAUCUS"
105,"BURNS"
105,"HAGEL"
105,"KERREY, B"
105,"BRYAN, RI"
105,"REID"
105,"GREGG"
105,"SMITH, RO"
105,"LAUTENBER"
105,"TORRICELL"
105,"BINGAMAN"
105,"DOMENICI"
105,"D'AMATO"
105,"MOYNIHAN"
105,"FAIRCLOTH"
105,"HELMS"
105,"CONRAD"
105,"DORGAN"
105,"DEWINE"
105,"GLENN"
105,"INHOFE"
105,"NICKLES,"
105,"SMITH, GO"
105,"WYDEN"
105,"SANTORUM"
105,"SPECTER"
105,"CHAFEE"
105,"REED"
105,"HOLLINGS"
105,"THURMOND"
105,"DASCHLE"
105,"JOHNSON"
105,"FRIST"
105,"THOMPSON"
105,"GRAMM, PH"
105,"HUTCHISON"
105,"BENNETT"
105,"HATCH"
105,"JEFFORDS"
105,"LEAHY"
105,"ROBB"
105,"WARNER"
105,"GORTON"
105,"MURRAY"
105,"BYRD, ROB"
105,"ROCKEFELL"
105,"FEINGOLD"
105,"KOHL"
105,"ENZI"
105,"THOMAS"
106,"CLINTON"
106,"SESSIONS"
106,"SHELBY"
106,"MURKOWSKI"
106,"STEVENS"
106,"KYL"
106,"MCCAIN"
106,"HUTCHINSON,"
106,"LINCOLN"
106,"BOXER"
106,"FEINSTEIN"
106,"ALLARD"
106,"CAMPBELL"
106,"DODD"
106,"LIEBERMAN"
106,"BIDEN"
106,"ROTH, WILLI"
106,"GRAHAM, BOB"
106,"MACK"
106,"CLELAND"
106,"COVERDELL"
106,"MILLER"
106,"AKAKA"
106,"INOUYE"
106,"CRAIG"
106,"CRAPO"
106,"DURBIN"
106,"FITZGERALD"
106,"BAYH"
106,"LUGAR"
106,"GRASSLEY"
106,"HARKIN"
106,"BROWNBACK"
106,"ROBERTS"
106,"BUNNING"
106,"MCCONNELL"
106,"BREAUX"
106,"LANDRIEU"
106,"COLLINS"
106,"SNOWE"
106,"MIKULSKI"
106,"SARBANES"
106,"KENNEDY, ED"
106,"KERRY, JOHN"
106,"ABRAHAM"
106,"LEVIN, CARL"
106,"GRAMS"
106,"WELLSTONE"
106,"COCHRAN"
106,"LOTT"
106,"ASHCROFT"
106,"BOND"
106,"BAUCUS"
106,"BURNS"
106,"HAGEL"
106,"KERREY, BOB"
106,"BRYAN, RICH"
106,"REID"
106,"GREGG"
106,"SMITH, ROBE"
106,"LAUTENBERG"
106,"TORRICELLI"
106,"BINGAMAN"
106,"DOMENICI"
106,"MOYNIHAN"
106,"SCHUMER"
106,"EDWARDS"
106,"HELMS"
106,"CONRAD"
106,"DORGAN"
106,"DEWINE"
106,"VOINOVICH"
106,"INHOFE"
106,"NICKLES, DO"
106,"SMITH, GORD"
106,"WYDEN"
106,"SANTORUM"
106,"SPECTER"
106,"CHAFEE"
106,"CHAFEE"
106,"REED"
106,"HOLLINGS"
106,"THURMOND"
106,"DASCHLE"
106,"JOHNSON"
106,"FRIST"
106,"THOMPSON"
106,"GRAMM, PHIL"
106,"HUTCHISON,"
106,"BENNETT"
106,"HATCH"
106,"JEFFORDS"
106,"LEAHY"
106,"ROBB"
106,"WARNER"
106,"GORTON"
106,"MURRAY"
106,"BYRD, ROBER"
106,"ROCKEFELLER"
106,"FEINGOLD"
106,"KOHL"
106,"ENZI"
106,"THOMAS"
107,"BUSH"
107,"SESSIONS"
107,"SHELBY"
107,"MURKOWSKI"
107,"STEVENS"
107,"KYL"
107,"MCCAIN"
107,"HUTCHINSON,"
107,"LINCOLN"
107,"BOXER"
107,"FEINSTEIN"
107,"ALLARD"
107,"CAMPBELL"
107,"DODD"
107,"LIEBERMAN"
107,"BIDEN"
107,"CARPER"
107,"GRAHAM, BOB"
107,"NELSON, CLA"
107,"CLELAND"
107,"MILLER"
107,"AKAKA"
107,"INOUYE"
107,"CRAIG"
107,"CRAPO"
107,"DURBIN"
107,"FITZGERALD"
107,"BAYH"
107,"LUGAR"
107,"GRASSLEY"
107,"HARKIN"
107,"BROWNBACK"
107,"ROBERTS"
107,"BUNNING"
107,"MCCONNELL"
107,"BREAUX"
107,"LANDRIEU"
107,"COLLINS"
107,"SNOWE"
107,"MIKULSKI"
107,"SARBANES"
107,"KENNEDY, ED"
107,"KERRY, JOHN"
107,"STABENOW"
107,"LEVIN, CARL"
107,"DAYTON"
107,"WELLSTONE"
107,"BARKLEY"
107,"COCHRAN"
107,"LOTT"
107,"CARNAHAN"
107,"BOND"
107,"BAUCUS"
107,"BURNS"
107,"HAGEL"
107,"NELSON, BEN"
107,"ENSIGN"
107,"REID"
107,"GREGG"
107,"SMITH, ROBE"
107,"CORZINE"
107,"TORRICELLI"
107,"BINGAMAN"
107,"DOMENICI"
107,"CLINTON"
107,"SCHUMER"
107,"EDWARDS"
107,"HELMS"
107,"CONRAD"
107,"DORGAN"
107,"DEWINE"
107,"VOINOVICH"
107,"INHOFE"
107,"NICKLES, DO"
107,"SMITH, GORD"
107,"WYDEN"
107,"SANTORUM"
107,"SPECTER"
107,"CHAFEE"
107,"REED"
107,"HOLLINGS"
107,"THURMOND"
107,"DASCHLE"
107,"JOHNSON"
107,"FRIST"
107,"THOMPSON"
107,"GRAMM, PHIL"
107,"HUTCHISON,"
107,"BENNETT"
107,"HATCH"
107,"JEFFORDS"
107,"JEFFORDS"
107,"LEAHY"
107,"ALLEN"
107,"WARNER"
107,"CANTWELL"
107,"MURRAY"
107,"BYRD, ROBER"
107,"ROCKEFELLER"
107,"FEINGOLD"
107,"KOHL"
107,"ENZI"
107,"THOMAS"
108,"BUSH"
108,"SESSIONS"
108,"SHELBY"
108,"MURKOWSKI"
108,"STEVENS"
108,"KYL"
108,"MCCAIN"
108,"PRYOR"
108,"LINCOLN"
108,"BOXER"
108,"FEINSTEIN"
108,"ALLARD"
108,"CAMPBELL"
108,"DODD"
108,"LIEBERMAN"
108,"BIDEN"
108,"CARPER"
108,"GRAHAM"
108,"NELSON"
108,"CHAMBLISS"
108,"MILLER"
108,"AKAKA"
108,"INOUYE"
108,"CRAIG"
108,"CRAPO"
108,"DURBIN"
108,"FITZGERALD"
108,"BAYH"
108,"LUGAR"
108,"GRASSLEY"
108,"HARKIN"
108,"BROWNBACK"
108,"ROBERTS"
108,"BUNNING"
108,"MCCONNELL"
108,"BREAUX"
108,"LANDRIEU"
108,"COLLINS"
108,"SNOWE"
108,"MIKULSKI"
108,"SARBANES"
108,"KENNEDY"
108,"KERRY"
108,"STABENOW"
108,"LEVIN"
108,"DAYTON"
108,"COLEMAN"
108,"COCHRAN"
108,"LOTT"
108,"TALENT"
108,"BOND"
108,"BAUCUS"
108,"BURNS"
108,"HAGEL"
108,"NELSON"
108,"ENSIGN"
108,"REID"
108,"GREGG"
108,"SUNUNU"
108,"CORZINE"
108,"LAUTENBERG"
108,"BINGAMAN"
108,"DOMENICI"
108,"CLINTON"
108,"SCHUMER"
108,"EDWARDS"
108,"DOLE"
108,"CONRAD"
108,"DORGAN"
108,"DEWINE"
108,"VOINOVICH"
108,"INHOFE"
108,"NICKLES"
108,"SMITH"
108,"WYDEN"
108,"SANTORUM"
108,"SPECTER"
108,"CHAFEE"
108,"REED"
108,"HOLLINGS"
108,"GRAHAM"
108,"DASCHLE"
108,"JOHNSON"
108,"FRIST"
108,"ALEXANDER"
108,"CORNYN"
108,"HUTCHISON"
108,"BENNETT"
108,"HATCH"
108,"JEFFORDS"
108,"LEAHY"
108,"ALLEN"
108,"WARNER"
108,"CANTWELL"
108,"MURRAY"
108,"BYRD"
108,"ROCKEFELLER"
108,"FEINGOLD"
108,"KOHL"
108,"ENZI"
108,"THOMAS"
109,"BUSH"
109,"SESSIONS"
109,"SHELBY"
109,"MURKOWSKI"
109,"STEVENS"
109,"KYL"
109,"MCCAIN"
109,"PRYOR"
109,"LINCOLN"
109,"BOXER"
109,"FEINSTEIN"
109,"ALLARD"
109,"SALAZAR"
109,"DODD"
109,"LIEBERMAN"
109,"BIDEN"
109,"CARPER"
109,"MARTINEZ"
109,"NELSON"
109,"CHAMBLISS"
109,"ISAKSON"
109,"AKAKA"
109,"INOUYE"
109,"CRAIG"
109,"CRAPO"
109,"DURBIN"
109,"OBAMA"
109,"BAYH"
109,"LUGAR"
109,"GRASSLEY"
109,"HARKIN"
109,"BROWNBACK"
109,"ROBERTS"
109,"BUNNING"
109,"MCCONNELL"
109,"VITTER"
109,"LANDRIEU"
109,"COLLINS"
109,"SNOWE"
109,"MIKULSKI"
109,"SARBANES"
109,"KENNEDY"
109,"KERRY"
109,"STABENOW"
109,"LEVIN"
109,"DAYTON"
109,"COLEMAN"
109,"COCHRAN"
109,"LOTT"
109,"TALENT"
109,"BOND"
109,"BAUCUS"
109,"BURNS"
109,"HAGEL"
109,"NELSON"
109,"ENSIGN"
109,"REID"
109,"GREGG"
109,"SUNUNU"
109,"CORZINE"
109,"MENENDEZ"
109,"LAUTENBERG"
109,"BINGAMAN"
109,"DOMENICI"
109,"CLINTON"
109,"SCHUMER"
109,"BURR"
109,"DOLE"
109,"CONRAD"
109,"DORGAN"
109,"DEWINE"
109,"VOINOVICH"
109,"INHOFE"
109,"COBURN"
109,"SMITH"
109,"WYDEN"
109,"SANTORUM"
109,"SPECTER"
109,"CHAFEE"
109,"REED"
109,"DEMINT"
109,"GRAHAM"
109,"THUNE"
109,"JOHNSON"
109,"FRIST"
109,"ALEXANDER"
109,"CORNYN"
109,"HUTCHISON"
109,"BENNETT"
109,"HATCH"
109,"JEFFORDS"
109,"LEAHY"
109,"ALLEN"
109,"WARNER"
109,"CANTWELL"
109,"MURRAY"
109,"BYRD"
109,"ROCKEFELLER"
109,"FEINGOLD"
109,"KOHL"
109,"ENZI"
109,"THOMAS"
110,"BUSH"
110,"SESSIONS"
110,"SHELBY"
110,"MURKOWSKI"
110,"STEVENS"
110,"KYL"
110,"MCCAIN"
110,"PRYOR"
110,"LINCOLN"
110,"BOXER"
110,"FEINSTEIN"
110,"ALLARD"
110,"SALAZAR"
110,"DODD"
110,"LIEBERMAN"
110,"BIDEN"
110,"CARPER"
110,"MARTINEZ"
110,"NELSON"
110,"CHAMBLISS"
110,"ISAKSON"
110,"AKAKA"
110,"INOUYE"
110,"CRAIG"
110,"CRAPO"
110,"DURBIN"
110,"OBAMA"
110,"BAYH"
110,"LUGAR"
110,"GRASSLEY"
110,"HARKIN"
110,"BROWNBACK"
110,"ROBERTS"
110,"BUNNING"
110,"MCCONNELL"
110,"VITTER"
110,"LANDRIEU"
110,"COLLINS"
110,"SNOWE"
110,"MIKULSKI"
110,"CARDIN"
110,"KENNEDY"
110,"KERRY"
110,"STABENOW"
110,"LEVIN"
110,"KLOBUCHAR"
110,"COLEMAN"
110,"COCHRAN"
110,"LOTT"
110,"WICKER"
110,"MCCASKILL"
110,"BOND"
110,"BAUCUS"
110,"TESTER"
110,"HAGEL"
110,"NELSON"
110,"ENSIGN"
110,"REID"
110,"GREGG"
110,"SUNUNU"
110,"MENENDEZ"
110,"LAUTENBERG"
110,"BINGAMAN"
110,"DOMENICI"
110,"CLINTON"
110,"SCHUMER"
110,"BURR"
110,"DOLE"
110,"CONRAD"
110,"DORGAN"
110,"BROWN"
110,"VOINOVICH"
110,"INHOFE"
110,"COBURN"
110,"SMITH"
110,"WYDEN"
110,"CASEY"
110,"SPECTER"
110,"WHITEHOUSE"
110,"REED"
110,"DEMINT"
110,"GRAHAM"
110,"THUNE"
110,"JOHNSON"
110,"CORKER"
110,"ALEXANDER"
110,"CORNYN"
110,"HUTCHISON"
110,"BENNETT"
110,"HATCH"
110,"SANDERS"
110,"LEAHY"
110,"WEBB"
110,"WARNER"
110,"CANTWELL"
110,"MURRAY"
110,"BYRD"
110,"ROCKEFELLER"
110,"FEINGOLD"
110,"KOHL"
110,"ENZI"
110,"THOMAS"
110,"BARRASSO"
111,"OBAMA"
111,"SESSIONS"
111,"SHELBY"
111,"MURKOWSKI"
111,"BEGICH"
111,"KYL"
111,"MCCAIN"
111,"PRYOR"
111,"LINCOLN"
111,"BOXER"
111,"FEINSTEIN"
111,"UDALL"
111,"SALAZAR"
111,"BENNET"
111,"DODD"
111,"LIEBERMAN"
111,"BIDEN"
111,"KAUFMAN"
111,"COONS"
111,"CARPER"
111,"MARTINEZ"
111,"LEMIEUX"
111,"NELSON"
111,"CHAMBLISS"
111,"ISAKSON"
111,"AKAKA"
111,"INOUYE"
111,"RISCH"
111,"CRAPO"
111,"DURBIN"
111,"BURRIS"
111,"KIRK"
111,"BAYH"
111,"LUGAR"
111,"GRASSLEY"
111,"HARKIN"
111,"BROWNBACK"
111,"ROBERTS"
111,"BUNNING"
111,"MCCONNELL"
111,"VITTER"
111,"LANDRIEU"
111,"COLLINS"
111,"SNOWE"
111,"MIKULSKI"
111,"CARDIN"
111,"KENNEDY"
111,"KIRK"
111,"BROWN"
111,"KERRY"
111,"STABENOW"
111,"LEVIN"
111,"KLOBUCHAR"
111,"FRANKEN"
111,"COCHRAN"
111,"WICKER"
111,"MCCASKILL"
111,"BOND"
111,"BAUCUS"
111,"TESTER"
111,"JOHANNS"
111,"NELSON  BEN"
111,"ENSIGN"
111,"REID"
111,"GREGG"
111,"SHAHEEN"
111,"MENENDEZ"
111,"LAUTENBERG"
111,"BINGAMAN"
111,"UDALL"
111,"CLINTON"
111,"GILLIBRAND"
111,"SCHUMER"
111,"BURR"
111,"HAGAN"
111,"CONRAD"
111,"DORGAN"
111,"BROWN"
111,"VOINOVICH"
111,"INHOFE"
111,"COBURN"
111,"MERKLEY"
111,"WYDEN"
111,"CASEY"
111,"SPECTER"
111,"SPECTER"
111,"WHITEHOUSE"
111,"REED"
111,"DEMINT"
111,"GRAHAM"
111,"THUNE"
111,"JOHNSON"
111,"CORKER"
111,"ALEXANDER"
111,"CORNYN"
111,"HUTCHISON"
111,"BENNETT"
111,"HATCH"
111,"SANDERS"
111,"LEAHY"
111,"WEBB"
111,"WARNER"
111,"CANTWELL"
111,"MURRAY"
111,"BYRD"
111,"GOODWIN"
111,"MANCHIN"
111,"ROCKEFELLER"
111,"FEINGOLD"
111,"KOHL"
111,"ENZI"
111,"BARRASSO"
112,"OBAMA"
112,"SESSIONS"
112,"SHELBY"
112,"MURKOWSK"
112,"BEGICH"
112,"KYL"
112,"MCCAIN"
112,"PRYOR"
112,"BOOZMAN"
112,"BOXER"
112,"FEINSTEIN"
112,"UDALL"
112,"BENNET"
112,"BLUMENTHAL"
112,"LIEBERMAN"
112,"COONS"
112,"CARPER"
112,"RUBIO"
112,"NELSON"
112,"CHAMBLIS"
112,"ISAKSON"
112,"AKAKA"
112,"INOUYE"
112,"SCHATZ"
112,"RISCH"
112,"CRAPO"
112,"DURBIN"
112,"KIRK"
112,"COATS"
112,"LUGAR"
112,"GRASSLEY"
112,"HARKIN"
112,"MORAN"
112,"ROBERTS"
112,"PAUL"
112,"MCCONNEL"
112,"VITTER"
112,"LANDRIEU"
112,"COLLINS"
112,"SNOWE"
112,"MIKULSKI"
112,"CARDIN"
112,"BROWN"
112,"KERRY"
112,"STABENOW"
112,"LEVIN"
112,"KLOBUCHA"
112,"FRANKEN"
112,"COCHRAN"
112,"WICKER"
112,"MCCASKIL"
112,"BLUNT"
112,"BAUCUS"
112,"TESTER"
112,"JOHANNS"
112,"NELSON"
112,"ENSIGN"
112,"HELLER"
112,"REID"
112,"AYOTTE"
112,"SHAHEEN"
112,"MENENDEZ"
112,"LAUTENBERG"
112,"BINGAMAN"
112,"UDALL"
112,"GILLIBRAND"
112,"SCHUMER"
112,"BURR"
112,"HAGAN"
112,"CONRAD"
112,"HOEVEN"
112,"BROWN"
112,"PORTMAN"
112,"INHOFE"
112,"COBURN"
112,"MERKLEY"
112,"WYDEN"
112,"CASEY"
112,"TOOMEY"
112,"WHITEHOUSE"
112,"REED"
112,"DEMINT"
112,"GRAHAM"
112,"THUNE"
112,"JOHNSON"
112,"CORKER"
112,"ALEXANDER"
112,"CORNYN"
112,"HUTCHISON"
112,"LEE"
112,"HATCH"
112,"SANDERS"
112,"LEAHY"
112,"WEBB"
112,"WARNER"
112,"CANTWELL"
112,"MURRAY"
112,"MANCHIN"
112,"ROCKEFELLER"
112,"JOHNSON"
112,"KOHL"
112,"ENZI"
112,"BARRASSO"
